{"type":"FeatureCollection","name":"Heron Island","data_type":"reefextent","crs":{"type":"name","properties":{"name":"urn:ogc:def:crs:OGC:1.3:CRS84","license":"CC BY 4.0"}},"features":[{"type":"Feature","properties":{"class":"Reef"},"geometry":{"type":"Polygon","coordinates":[[[151.848338807,-23.496512023],[151.84845495,-23.496358671],[151.848610513,-23.496294234],[151.848880008,-23.496294234],[151.84904609,-23.496384066],[151.849239334,-23.496384066],[151.849754224,-23.496538334],[151.85011355,-23.496807829],[151.850357649,-23.497232887],[151.850357649,-23.497861707],[151.850212004,-23.498086286],[151.850267818,-23.498400697],[151.85011355,-23.498735923],[151.849957986,-23.49880036],[151.84962276,-23.498735923],[151.849416786,-23.49849274],[151.849173602,-23.498376597],[151.848275287,-23.497478282],[151.848159144,-23.497235098],[151.848005792,-23.497118956],[151.847941356,-23.496873561],[151.848005792,-23.496717997],[151.848338807,-23.496512023]]]}},{"type":"Feature","properties":{"class":"Reef"},"geometry":{"type":"Polygon","coordinates":[[[151.851485122,-23.49602474],[151.851678366,-23.49602474],[151.851778716,-23.495819682],[151.852024111,-23.495665414],[151.852269506,-23.49572985],[151.852513606,-23.496334571],[151.852513606,-23.496604066],[151.852449169,-23.49675963],[151.852024111,-23.496913898],[151.851868548,-23.496849461],[151.851753053,-23.496697673],[151.851485122,-23.496734234],[151.851329559,-23.496669798],[151.851265122,-23.496514234],[151.851265122,-23.49624474],[151.851329559,-23.496089176],[151.851485122,-23.49602474]]]}},{"type":"Feature","properties":{"class":"Reef"},"geometry":{"type":"Polygon","coordinates":[[[151.852201563,-23.491930615],[151.852227874,-23.491867095],[151.852742764,-23.491622995],[151.853025839,-23.491622995],[151.853191921,-23.491533163],[151.853641079,-23.491533163],[151.854155968,-23.491777263],[151.854425463,-23.492046758],[151.854849226,-23.49274131],[151.854849226,-23.493459963],[151.854694958,-23.493885021],[151.854180068,-23.494218952],[151.853281753,-23.494218952],[151.85311567,-23.49412912],[151.852832595,-23.49412912],[151.852317705,-23.493885021],[151.852048211,-23.493435863],[151.851893943,-23.493010805],[151.851893943,-23.492381984],[151.852048211,-23.492046758],[151.852201563,-23.491930615]]]}},{"type":"Feature","properties":{"class":"Reef"},"geometry":{"type":"Polygon","coordinates":[[[151.831825598,-23.464583705],[151.83199168,-23.464493873],[151.832440838,-23.464493873],[151.832606921,-23.464583705],[151.833069659,-23.464583705],[151.833235741,-23.464673536],[151.8343273,-23.464673536],[151.834462048,-23.464729351],[151.834596795,-23.464673536],[151.835225616,-23.464673536],[151.835540026,-23.464781973],[151.835764605,-23.464673536],[151.836168847,-23.464729351],[151.836586669,-23.464673536],[151.836752751,-23.464583705],[151.837305321,-23.464583705],[151.837471404,-23.464493873],[151.838279887,-23.464493873],[151.838509045,-23.464583705],[151.838509045,-23.464174884],[151.838573482,-23.464019321],[151.83876641,-23.463886785],[151.838598877,-23.463635895],[151.838598877,-23.463366401],[151.838932808,-23.462851511],[151.83962736,-23.462607411],[151.840974833,-23.462607411],[151.841220228,-23.462761679],[151.841464328,-23.463366401],[151.841399891,-23.463701627],[151.841220228,-23.46388129],[151.840977045,-23.463997433],[151.840860902,-23.464150785],[151.840438056,-23.464356759],[151.840084069,-23.464713873],[151.840152769,-23.464763368],[151.840885002,-23.464763368],[151.841051084,-23.4648532],[151.841257909,-23.4648532],[151.841796898,-23.464583705],[151.84198708,-23.464378647],[151.842156224,-23.46431421],[151.842256574,-23.464019321],[151.842346406,-23.463929489],[151.842501969,-23.463865053],[151.842681632,-23.463865053],[151.842847715,-23.463954884],[151.84313079,-23.463865053],[151.843359948,-23.46391897],[151.843514216,-23.463480332],[151.843693879,-23.463300669],[151.84431218,-23.463146401],[151.844771857,-23.462671848],[151.844898898,-23.462619226],[151.845041352,-23.462402353],[151.845374367,-23.462286211],[151.845670172,-23.461953196],[151.845825736,-23.461888759],[151.84609523,-23.461888759],[151.846250794,-23.461953196],[151.846298522,-23.462068422],[151.846557969,-23.462068422],[151.846863377,-23.461978591],[151.846927814,-23.461593869],[151.84726304,-23.461439601],[151.847492198,-23.461439601],[151.847492198,-23.461030781],[151.847556634,-23.460875217],[151.847802029,-23.460720949],[151.84806996,-23.460757511],[151.84821085,-23.460595204],[151.848275287,-23.460336228],[151.848713925,-23.460092129],[151.848814276,-23.459976902],[151.849329165,-23.459822634],[151.850061398,-23.459822634],[151.850496975,-23.459642971],[151.850676638,-23.459642971],[151.851112215,-23.459822634],[151.851461023,-23.45988707],[151.85184666,-23.460309917],[151.852203774,-23.460271792],[151.852359338,-23.460336228],[151.852513606,-23.460581623],[151.852449169,-23.460827018],[151.852359338,-23.46091685],[151.852137572,-23.460981286],[151.85191018,-23.461276176],[151.851561373,-23.461340612],[151.85128136,-23.461635502],[151.851014992,-23.461807614],[151.851303895,-23.461835489],[151.85141939,-23.461683701],[151.851574954,-23.461619265],[151.852127523,-23.461619265],[151.852652932,-23.461259938],[151.85310209,-23.461259938],[151.853257653,-23.461324375],[151.85364329,-23.461747222],[151.853896993,-23.461888759],[151.854103817,-23.461888759],[151.854719057,-23.461619265],[151.855002132,-23.461619265],[151.855678681,-23.461361584],[151.855879317,-23.461030781],[151.855371977,-23.46091685],[151.855217709,-23.460491792],[151.855282146,-23.460156565],[151.855617372,-23.460002297],[151.855900448,-23.460002297],[151.856425856,-23.459642971],[151.856888594,-23.459642971],[151.857158089,-23.459553139],[151.85725844,-23.459437913],[151.857593666,-23.459283645],[151.85778691,-23.459283645],[151.857617766,-23.459210051],[151.857553329,-23.459054487],[151.857617766,-23.458719261],[151.857773329,-23.458654824],[151.858042824,-23.458654824],[151.858198387,-23.458719261],[151.858262824,-23.458874824],[151.858242322,-23.459103982],[151.858581813,-23.458924319],[151.858864888,-23.458924319],[151.85905507,-23.458719261],[151.859403877,-23.458654824],[151.859594059,-23.458449766],[151.860196569,-23.458243792],[151.860248275,-23.457976509],[151.860402543,-23.457731114],[151.860661519,-23.457666677],[151.860917433,-23.457487014],[151.861236422,-23.457487014],[151.861236422,-23.457347688],[151.86139069,-23.457102293],[151.861546253,-23.457037857],[151.861829329,-23.457037857],[151.862354737,-23.456768362],[151.862600603,-23.456768362],[151.862738163,-23.456563304],[151.862997138,-23.456498867],[151.86318732,-23.456293809],[151.863342884,-23.456229373],[151.863612378,-23.456229373],[151.863862037,-23.456319204],[151.863841536,-23.456090047],[151.863905973,-23.455934483],[151.864061536,-23.455870047],[151.865009346,-23.455886755],[151.865073783,-23.455575157],[151.865278841,-23.455437597],[151.865278841,-23.4551019],[151.865343277,-23.454946336],[151.865692084,-23.4548819],[151.865829644,-23.454803883],[151.865882266,-23.454676842],[151.86603783,-23.454612405],[151.866576819,-23.454522574],[151.867102227,-23.454702237],[151.867475134,-23.454612405],[151.867641217,-23.454702237],[151.868103955,-23.454702237],[151.868265013,-23.454779939],[151.868243281,-23.454113753],[151.868487381,-23.4534192],[151.868732776,-23.453264932],[151.869068002,-23.453329369],[151.869258184,-23.453534427],[151.869606991,-23.453688695],[151.869671428,-23.453844258],[151.869671428,-23.454306997],[151.869761259,-23.454562911],[151.869581596,-23.455088319],[151.869581596,-23.455331058],[151.869786654,-23.455395494],[151.869902797,-23.455548846],[151.870235812,-23.45575482],[151.870300249,-23.455910384],[151.870300249,-23.45628329],[151.870368348,-23.456396907],[151.870938227,-23.456066418],[151.870938227,-23.455640889],[151.871002663,-23.455485326],[151.871207721,-23.455384975],[151.871297553,-23.454922237],[151.871451821,-23.454676842],[151.871697216,-23.454612405],[151.872011626,-23.454758051],[151.872236205,-23.454612405],[151.872788775,-23.454612405],[151.87305827,-23.454522574],[151.873314184,-23.454342911],[151.874009207,-23.454342911],[151.874056935,-23.454227684],[151.874236598,-23.454137853],[151.874392162,-23.454073416],[151.874675237,-23.454073416],[151.875020983,-23.453893753],[151.875200646,-23.453893753],[151.875366728,-23.453983585],[151.875663384,-23.453893753],[151.875943397,-23.453688695],[151.876292205,-23.453624258],[151.876751881,-23.453149706],[151.876878922,-23.453097084],[151.877021376,-23.452880211],[151.877380702,-23.452700548],[151.877536265,-23.452636112],[151.878268498,-23.452636112],[151.878614244,-23.452456449],[151.87898715,-23.452456449],[151.879153233,-23.452366617],[151.879436308,-23.452366617],[151.879705803,-23.452276786],[151.879959505,-23.452135248],[151.880345142,-23.451712401],[151.880741678,-23.451569948],[151.8807943,-23.451442907],[151.881129527,-23.451288639],[151.881419993,-23.451297326],[151.881358684,-23.451059481],[151.881602784,-23.450724255],[151.881758347,-23.450659818],[151.882041422,-23.450659818],[151.882293561,-23.450429097],[151.882294209,-23.44980184],[151.882256999,-23.449645805],[151.882141773,-23.449598077],[151.882077336,-23.449442514],[151.882077336,-23.449173019],[151.882231604,-23.448837792],[151.882411267,-23.448658129],[151.882706157,-23.448593693],[151.882706157,-23.44811867],[151.882590931,-23.448070941],[151.882474788,-23.447827758],[151.882310917,-23.44768622],[151.88193801,-23.44768622],[151.881782447,-23.447621783],[151.881628179,-23.447376388],[151.881628179,-23.447017062],[151.881692615,-23.446861499],[151.881987505,-23.446671317],[151.882051941,-23.446412341],[151.882167168,-23.446311991],[151.882321436,-23.445873352],[151.882501099,-23.445693689],[151.882760075,-23.445629252],[151.883015989,-23.445449589],[151.883568558,-23.445449589],[151.883668909,-23.445334363],[151.884183798,-23.445090263],[151.884646537,-23.445090263],[151.885171945,-23.4449106],[151.885544852,-23.4449106],[151.885890598,-23.444730937],[151.886532999,-23.444730937],[151.886699081,-23.444641106],[151.888599124,-23.444641106],[151.888765206,-23.444551274],[151.88957369,-23.444551274],[151.889739773,-23.444641106],[151.891460152,-23.444641106],[151.891895729,-23.444820769],[151.892821206,-23.444820769],[151.892987288,-23.444730937],[151.893616109,-23.444730937],[151.893782191,-23.444820769],[151.894424593,-23.444820769],[151.894590675,-23.4449106],[151.894887331,-23.4449106],[151.895053413,-23.444820769],[151.89604156,-23.444820769],[151.896207643,-23.4449106],[151.897478865,-23.4449106],[151.898183936,-23.445269926],[151.899275495,-23.445359758],[151.899441578,-23.445449589],[151.900173811,-23.445449589],[151.901317521,-23.446053015],[151.901417871,-23.446168242],[151.901676847,-23.446232678],[151.902136524,-23.446707231],[151.902305668,-23.446771667],[151.902406018,-23.446886894],[151.902844657,-23.447041162],[151.902960799,-23.447194514],[151.903383646,-23.447400488],[151.903573828,-23.447605546],[151.904012467,-23.447759814],[151.904334583,-23.44815635],[151.904910782,-23.448388635],[151.905719266,-23.449197119],[151.90592524,-23.449530134],[151.906348086,-23.449736108],[151.906717932,-23.450120829],[151.90715657,-23.450275097],[151.907362544,-23.450608112],[151.907695559,-23.450724255],[151.908144717,-23.450993749],[151.908604394,-23.451468302],[151.909222695,-23.451712401],[151.909428669,-23.451955585],[151.909761685,-23.452161559],[151.909989076,-23.45254628],[151.910390505,-23.452700548],[151.910506648,-23.4528539],[151.911019326,-23.453149706],[151.911135468,-23.453303058],[151.911378652,-23.4534192],[151.911568834,-23.453624258],[151.911652411,-23.453624258],[151.911542078,-23.453395101],[151.911542078,-23.45276628],[151.911606514,-23.452610717],[151.911762078,-23.45254628],[151.912211235,-23.452456449],[151.912736644,-23.452636112],[151.913738371,-23.452636112],[151.913893935,-23.452700548],[151.914138034,-23.453139187],[151.914343092,-23.453239537],[151.914533274,-23.45371409],[151.914712938,-23.453803922],[151.915085844,-23.453803922],[151.915241408,-23.453868358],[151.915627045,-23.454291205],[151.916139723,-23.454497179],[151.916409218,-23.454766673],[151.916473654,-23.454922237],[151.916409218,-23.455167632],[151.916150242,-23.455232068],[151.915987935,-23.455372958],[151.916024496,-23.455744301],[151.916255866,-23.455998004],[151.916678712,-23.456203978],[151.917064349,-23.456626824],[151.917307533,-23.456742967],[151.917577027,-23.457012462],[151.917910959,-23.457630763],[151.918385511,-23.45809044],[151.918707628,-23.458666638],[151.919014332,-23.458898924],[151.919399969,-23.459501433],[151.919643153,-23.459617576],[151.919822816,-23.459797239],[151.920246578,-23.460595204],[151.920451636,-23.460695554],[151.920683922,-23.461181921],[151.920810963,-23.461234543],[151.920911313,-23.461439601],[151.921080457,-23.461504038],[151.921144894,-23.461673182],[151.92126012,-23.461773533],[151.92150422,-23.462302003],[151.921619446,-23.462402353],[151.921683883,-23.462661329],[151.921915252,-23.463004863],[151.92242793,-23.463480332],[151.922582198,-23.463815558],[151.922526384,-23.464129968],[151.922787256,-23.464378647],[151.922851693,-23.46453421],[151.922761861,-23.465176612],[151.922851693,-23.465342694],[151.922851693,-23.46558856],[151.923056751,-23.46572612],[151.923121187,-23.465881683],[151.923121187,-23.466164758],[151.923211019,-23.466330841],[151.923211019,-23.466613916],[151.92330085,-23.46686983],[151.923236414,-23.467025394],[151.923031356,-23.467125744],[151.922941524,-23.467395239],[151.923146582,-23.467612582],[151.923211019,-23.467768145],[151.923211019,-23.46803764],[151.922877088,-23.468732193],[151.922761861,-23.468832543],[151.922607593,-23.469630508],[151.922402535,-23.469730858],[151.922492367,-23.469924102],[151.922492367,-23.473158037],[151.922402535,-23.47332412],[151.922402535,-23.474146184],[151.922222872,-23.474491929],[151.922222872,-23.474864836],[151.922043209,-23.47512075],[151.922043209,-23.475403825],[151.921953377,-23.475569908],[151.922043209,-23.475763151],[151.922043209,-23.475942814],[151.921953377,-23.476108897],[151.921863546,-23.47684113],[151.921683883,-23.477276707],[151.921683883,-23.477559782],[151.92150422,-23.477905528],[151.92150422,-23.478278434],[151.921234725,-23.478803843],[151.921170289,-23.479062818],[151.920721131,-23.479781471],[151.920477947,-23.479987445],[151.920361805,-23.480230628],[151.92002879,-23.480526434],[151.919912647,-23.480859449],[151.919579632,-23.481065423],[151.919373658,-23.481308607],[151.919130475,-23.481424749],[151.918655006,-23.481937427],[151.918411822,-23.48205357],[151.918205848,-23.482296753],[151.917603339,-23.482592559],[151.917307533,-23.482925574],[151.917151969,-23.482990011],[151.916868894,-23.482990011],[151.916768544,-23.483105237],[151.916433317,-23.483259505],[151.916150242,-23.483259505],[151.915870228,-23.483644226],[151.915535002,-23.483798494],[151.915298831,-23.483775088],[151.915151576,-23.484003552],[151.914996013,-23.484067989],[151.914726518,-23.484157821],[151.91426378,-23.484157821],[151.914097697,-23.484247652],[151.913904454,-23.484247652],[151.913534609,-23.484632373],[151.913199382,-23.484786641],[151.912646812,-23.484786641],[151.912301067,-23.484966304],[151.911838329,-23.485056136],[151.91131292,-23.48532563],[151.910908678,-23.485269816],[151.910570168,-23.48562052],[151.910414605,-23.485684956],[151.910043687,-23.485680155],[151.909785784,-23.48586462],[151.90959254,-23.48586462],[151.909156963,-23.486044283],[151.908424731,-23.486044283],[151.908155236,-23.486134114],[151.907899322,-23.486313777],[151.906987426,-23.486313777],[151.906887076,-23.486518835],[151.906731512,-23.486583272],[151.906192523,-23.486583272],[151.906057776,-23.486527458],[151.905639953,-23.486583272],[151.905473871,-23.486673103],[151.904306061,-23.486673103],[151.904139978,-23.486583272],[151.90250943,-23.486583272],[151.901714527,-23.486313777],[151.900443305,-23.486223946],[151.900277223,-23.486134114],[151.899994147,-23.486096905],[151.899351746,-23.486134114],[151.899185664,-23.486223946],[151.898183936,-23.486223946],[151.898017854,-23.486313777],[151.897644947,-23.486223946],[151.897478865,-23.486313777],[151.897016126,-23.486313777],[151.896850044,-23.486403609],[151.896580549,-23.486403609],[151.896311055,-23.486276568],[151.895592403,-23.486583272],[151.895129664,-23.486583272],[151.894963582,-23.486673103],[151.894627885,-23.486673103],[151.894580156,-23.48678833],[151.89424493,-23.486942598],[151.893782191,-23.486942598],[151.89307712,-23.487212092],[151.892704213,-23.487212092],[151.891819478,-23.487571419],[151.891446572,-23.487571419],[151.891280489,-23.48766125],[151.891087246,-23.48766125],[151.890561837,-23.487930745],[151.889919436,-23.487930745],[151.889753353,-23.488020576],[151.889380447,-23.488020576],[151.889214364,-23.488110408],[151.888751626,-23.488200239],[151.88840588,-23.488379902],[151.887853311,-23.488379902],[151.887327902,-23.488649397],[151.886968576,-23.488649397],[151.886775332,-23.488559565],[151.886519418,-23.488739228],[151.88605668,-23.48882906],[151.885890598,-23.488918892],[151.885068533,-23.488918892],[151.884812619,-23.489098555],[151.884260049,-23.489098555],[151.884093967,-23.489188386],[151.883644809,-23.489151177],[151.883375315,-23.489278218],[151.882373587,-23.489278218],[151.881758347,-23.489457881],[151.881219358,-23.489457881],[151.881084611,-23.489402067],[151.880666788,-23.489457881],[151.880500706,-23.489547712],[151.880051548,-23.489547712],[151.879826969,-23.489439276],[151.879668123,-23.489662939],[151.879409147,-23.489727375],[151.879308796,-23.489842602],[151.879153233,-23.489907038],[151.878600663,-23.489907038],[151.878500313,-23.490022265],[151.877895592,-23.490356196],[151.877715928,-23.490356196],[151.877401518,-23.490157928],[151.877307108,-23.490212447],[151.87715284,-23.490471423],[151.876804033,-23.490535859],[151.876368456,-23.490805354],[151.876098961,-23.490895185],[151.875815886,-23.490895185],[151.875649803,-23.490985017],[151.875007402,-23.490985017],[151.874481993,-23.491344343],[151.873929424,-23.491344343],[151.873829073,-23.491459569],[151.873480266,-23.491613837],[151.873379916,-23.491818895],[151.873224352,-23.491883332],[151.872581951,-23.491883332],[151.872415868,-23.491973163],[151.872222625,-23.491973163],[151.871787048,-23.492242658],[151.871541653,-23.492178222],[151.871399199,-23.491961349],[151.871292974,-23.491917349],[151.870888732,-23.491973163],[151.870695489,-23.491883332],[151.870439575,-23.492062995],[151.870246331,-23.492062995],[151.869900585,-23.492242658],[151.86961751,-23.492242658],[151.86951716,-23.492357885],[151.869168353,-23.492422321],[151.868822607,-23.492601984],[151.868270037,-23.492601984],[151.868103955,-23.492691816],[151.866127661,-23.492691816],[151.865961579,-23.492601984],[151.865498841,-23.492601984],[151.865332758,-23.492512153],[151.864959851,-23.492512153],[151.864793769,-23.492422321],[151.864241199,-23.492422321],[151.864075117,-23.49233249],[151.863522547,-23.49233249],[151.863356465,-23.492242658],[151.862803895,-23.492242658],[151.862637812,-23.492152827],[151.861546253,-23.492062995],[151.861169553,-23.491883332],[151.861227264,-23.492292153],[151.861162828,-23.492447716],[151.861072996,-23.492537548],[151.860816009,-23.492597183],[151.86071367,-23.492807042],[151.860558107,-23.492871479],[151.860288612,-23.492871479],[151.859863554,-23.492627379],[151.859799117,-23.492471816],[151.859799117,-23.492202321],[151.859953385,-23.491867095],[151.860043217,-23.491777263],[151.860268776,-23.491712827],[151.860248275,-23.491649751],[151.860032698,-23.491434174],[151.859683891,-23.491279906],[151.859493709,-23.491074848],[151.859044551,-23.490895185],[151.858671644,-23.490895185],[151.858505562,-23.490805354],[151.857503835,-23.490805354],[151.857337752,-23.490715522],[151.856695351,-23.490625691],[151.856259774,-23.490446027],[151.855797036,-23.490446027],[151.855630953,-23.490356196],[151.854000405,-23.490356196],[151.853385165,-23.490176533],[151.853012258,-23.490176533],[151.852846176,-23.490086701],[151.852383437,-23.490086701],[151.85141939,-23.489662939],[151.851049545,-23.489368049],[151.850521075,-23.48912395],[151.850404932,-23.488970598],[151.850161749,-23.488854455],[151.849982086,-23.488674792],[151.849865943,-23.488341777],[151.849532928,-23.488225634],[151.849326954,-23.487982451],[151.84908377,-23.487866308],[151.848544781,-23.487327319],[151.84831739,-23.486942598],[151.848095624,-23.486878161],[151.847941356,-23.486619186],[151.847725779,-23.48649344],[151.847532535,-23.486583272],[151.84724946,-23.486583272],[151.847059278,-23.48678833],[151.846724051,-23.486942598],[151.846440976,-23.486942598],[151.84609523,-23.487122261],[151.845722324,-23.487122261],[151.845556241,-23.487212092],[151.845107084,-23.487212092],[151.844941001,-23.487122261],[151.844568094,-23.487122261],[151.843873542,-23.486878161],[151.843244721,-23.486518835],[151.843000622,-23.486183609],[151.843000622,-23.485734451],[151.843244721,-23.485219561],[151.843424384,-23.485039898],[151.843937062,-23.484744093],[151.844053205,-23.484590741],[151.844565883,-23.484294935],[151.844654798,-23.484117484],[151.844617589,-23.48392424],[151.844143036,-23.483464563],[151.844026894,-23.48322138],[151.843847231,-23.483041717],[151.843424384,-23.482925574],[151.842589589,-23.48205357],[151.842256574,-23.481937427],[151.842192138,-23.481715661],[151.842076911,-23.481667933],[151.841781106,-23.481334918],[151.841513822,-23.481283212],[151.841257909,-23.481103549],[151.840549775,-23.480859449],[151.840100618,-23.480410291],[151.839587023,-23.479522495],[151.839381965,-23.479332313],[151.839239512,-23.479025609],[151.839112471,-23.478972987],[151.839048034,-23.478803843],[151.838932808,-23.478703492],[151.838509045,-23.477739445],[151.838419214,-23.477007212],[151.838329382,-23.47684113],[151.838329382,-23.476378392],[151.838239551,-23.476212309],[151.838239551,-23.476019065],[151.838059887,-23.47567332],[151.838059887,-23.475300413],[151.837880224,-23.474775005],[151.837970056,-23.474608922],[151.837970056,-23.474056352],[151.838034492,-23.473900789],[151.838239551,-23.473710607],[151.838329382,-23.473441112],[151.838329382,-23.472978374],[151.838419214,-23.472812292],[151.838419214,-23.472259722],[151.838509045,-23.472093639],[151.838509045,-23.471361407],[151.838598877,-23.471195324],[151.838598877,-23.470822417],[151.838688708,-23.470656335],[151.838688708,-23.470000353],[151.838598877,-23.469834271],[151.838598877,-23.469474944],[151.838688708,-23.469308862],[151.838688708,-23.468846124],[151.83877854,-23.468680041],[151.83877854,-23.468473217],[151.838393819,-23.468283035],[151.838203637,-23.468077977],[151.837561235,-23.468077977],[151.837405672,-23.46801354],[151.836866683,-23.467744046],[151.836802246,-23.467538988],[151.836507356,-23.467474551],[151.836407006,-23.467269493],[151.83604768,-23.46708983],[151.835584942,-23.46708983],[151.835429378,-23.467025394],[151.835149365,-23.466730504],[151.834686626,-23.466640672],[151.833981555,-23.466371178],[151.833428985,-23.466281346],[151.833262902,-23.466191515],[151.832979827,-23.466191515],[151.832813745,-23.466101683],[151.832171344,-23.466101683],[151.831476791,-23.465857584],[151.831270817,-23.4656144],[151.831027633,-23.465498258],[151.83084797,-23.465318595],[151.830693702,-23.464983368],[151.830693702,-23.464713873],[151.830758139,-23.46455831],[151.830913702,-23.464493873],[151.831632354,-23.464493873],[151.831825598,-23.464583705]],[[151.850124069,-23.462068422],[151.850330893,-23.462068422],[151.850676638,-23.461888759],[151.850869882,-23.461888759],[151.850877274,-23.461870915],[151.850303732,-23.461879601],[151.850055368,-23.462018928],[151.850124069,-23.462068422]],[[151.885621103,-23.450120829],[151.88662283,-23.450120829],[151.886788913,-23.450030997],[151.887507565,-23.450030997],[151.887642312,-23.450086812],[151.887801159,-23.449915771],[151.888063928,-23.449851334],[151.887980822,-23.44977774],[151.88779064,-23.449303187],[151.887352002,-23.449059088],[151.887235859,-23.448905736],[151.886902844,-23.448699762],[151.886748576,-23.448350955],[151.886543518,-23.448160773],[151.88638925,-23.447632302],[151.886157881,-23.4473786],[151.885904178,-23.447237062],[151.885739457,-23.447315079],[151.885507172,-23.447801447],[151.88541734,-23.447891278],[151.885195574,-23.447955715],[151.885156468,-23.448050125],[151.885212282,-23.448184872],[151.885212282,-23.448544198],[151.885032619,-23.448889944],[151.885032619,-23.449262851],[151.884942788,-23.449428933],[151.884942788,-23.449622177],[151.88478852,-23.449957403],[151.884583462,-23.450147585],[151.884583462,-23.450227369],[151.884709207,-23.450300492],[151.885185526,-23.450300492],[151.885621103,-23.450120829]]]}},{"type":"Feature","properties":{"class":"Reef"},"geometry":{"type":"Polygon","coordinates":[[[151.828014994,-23.463929489],[151.828169262,-23.464174884],[151.828169262,-23.46453421],[151.828014994,-23.464779605],[151.82785943,-23.464844042],[151.827524204,-23.464779605],[151.827408061,-23.464626253],[151.826895383,-23.464330448],[151.826830946,-23.464174884],[151.826895383,-23.463839658],[151.827140778,-23.46368539],[151.827410273,-23.46368539],[151.828014994,-23.463929489]]]}},{"type":"Feature","properties":{"class":"Reef"},"geometry":{"type":"Polygon","coordinates":[[[151.855168215,-23.457666677],[151.855323778,-23.457731114],[151.855388215,-23.457886677],[151.855388215,-23.458335835],[151.855332401,-23.458470582],[151.855503441,-23.458629429],[151.855567878,-23.458784993],[151.855503441,-23.459030388],[151.855347878,-23.459094824],[151.854988552,-23.459094824],[151.854732638,-23.458915161],[151.854449563,-23.458915161],[151.854293999,-23.458850725],[151.854139731,-23.458605329],[151.854139731,-23.45806634],[151.854204168,-23.457910777],[151.854605597,-23.45784634],[151.854653325,-23.457731114],[151.854808889,-23.457666677],[151.855168215,-23.457666677]]]}},{"type":"Feature","properties":{"class":"Reef"},"geometry":{"type":"Polygon","coordinates":[[[151.87142551,-23.451506427],[151.871607385,-23.45137847],[151.87189046,-23.45137847],[151.872056542,-23.451288639],[151.872415868,-23.451288639],[151.872751095,-23.451442907],[151.872957069,-23.45168609],[151.873200252,-23.451802233],[151.873379916,-23.451981896],[151.873444352,-23.452137459],[151.873444352,-23.452406954],[151.873379916,-23.452562518],[151.873200252,-23.452742181],[151.872312456,-23.453076112],[151.871876879,-23.453345606],[151.871607385,-23.453345606],[151.871451821,-23.45328117],[151.871182326,-23.453011675],[151.87111789,-23.452856112],[151.871212523,-23.452598209],[151.87111789,-23.452317123],[151.87111789,-23.451957796],[151.871272158,-23.45162257],[151.87142551,-23.451506427]]]}},{"type":"Feature","properties":{"class":"Reef"},"geometry":{"type":"Polygon","coordinates":[[[151.876212892,-23.449646276],[151.876302724,-23.44928695],[151.876548119,-23.449132682],[151.876997276,-23.449132682],[151.877432853,-23.449402177],[151.877639678,-23.449402177],[151.87780576,-23.449312345],[151.878254918,-23.449312345],[151.878600663,-23.449492008],[151.878793907,-23.449402177],[151.879063401,-23.449402177],[151.879398628,-23.449556445],[151.879498978,-23.449671671],[151.88015496,-23.449671671],[151.880321043,-23.44958184],[151.880500706,-23.44958184],[151.881015595,-23.449736108],[151.881169863,-23.450071334],[151.881169863,-23.450534073],[151.881259695,-23.450789987],[151.881105427,-23.451035382],[151.880949863,-23.451099818],[151.879498978,-23.451099818],[151.879332896,-23.45118965],[151.879153233,-23.45118965],[151.87898715,-23.451099818],[151.878061674,-23.451099818],[151.877895592,-23.45118965],[151.877702348,-23.45118965],[151.877087108,-23.451459144],[151.876907445,-23.451459144],[151.876572218,-23.451304876],[151.876507782,-23.451099818],[151.87612306,-23.451035382],[151.875878961,-23.450520492],[151.875968792,-23.449891671],[151.876033229,-23.449736108],[151.876212892,-23.449646276]]]}},{"type":"Feature","properties":{"class":"Reef"},"geometry":{"type":"Polygon","coordinates":[[[151.895167345,-23.441153913],[151.895102908,-23.44099835],[151.895102908,-23.440639024],[151.895160619,-23.440499698],[151.89489785,-23.44034543],[151.894783919,-23.440107585],[151.894580156,-23.440255598],[151.894334761,-23.440320035],[151.893840688,-23.440084557],[151.893705941,-23.440140372],[151.892987288,-23.440140372],[151.892741893,-23.439986104],[151.892677457,-23.439740709],[151.892804498,-23.439471214],[151.892767288,-23.439022056],[151.893011388,-23.438507167],[151.893306277,-23.438227153],[151.893460545,-23.437788514],[151.893755435,-23.437598332],[151.893909703,-23.437249525],[151.894179198,-23.436980031],[151.894438173,-23.436915594],[151.894628355,-23.436710536],[151.894783919,-23.4366461],[151.895066994,-23.4366461],[151.895233076,-23.436556268],[151.895516152,-23.436556268],[151.895695815,-23.436466437],[151.895796165,-23.436261378],[151.896270718,-23.436071196],[151.896335154,-23.435812221],[151.896760212,-23.435657953],[151.897006078,-23.435657953],[151.897053807,-23.435542726],[151.897222951,-23.43547829],[151.897323301,-23.435363063],[151.898646675,-23.434669806],[151.899019581,-23.434669806],[151.899185664,-23.434579974],[151.89955857,-23.434579974],[151.899724653,-23.434490143],[151.899917897,-23.434490143],[151.900055457,-23.434412126],[151.900108079,-23.434285085],[151.901790778,-23.433501996],[151.90219502,-23.433520601],[151.902419599,-23.433412165],[151.902612842,-23.433412165],[151.902778925,-23.433322333],[151.903151832,-23.433322333],[151.903317914,-23.433232502],[151.904126398,-23.433232502],[151.90429248,-23.433322333],[151.904710303,-23.433378148],[151.90484505,-23.433322333],[151.905307788,-23.433322333],[151.905473871,-23.433232502],[151.905743365,-23.433232502],[151.906237439,-23.433378148],[151.906372186,-23.433322333],[151.906745093,-23.433322333],[151.906911175,-23.433232502],[151.907360333,-23.433232502],[151.90779591,-23.433501996],[151.907989154,-23.433412165],[151.908272229,-23.433412165],[151.908438311,-23.433322333],[151.908707806,-23.433322333],[151.90896372,-23.433501996],[151.909233214,-23.433591828],[151.909426458,-23.433591828],[151.909864024,-23.433776293],[151.910324773,-23.433771491],[151.910518017,-23.433861322],[151.910953594,-23.433681659],[151.912853637,-23.433681659],[151.913199382,-23.433501996],[151.913535079,-23.433501996],[151.913672639,-23.433296938],[151.914021446,-23.433232502],[151.91430146,-23.432937612],[151.914726518,-23.432693512],[151.915728246,-23.432693512],[151.915894328,-23.432603681],[151.916253654,-23.432603681],[151.916689231,-23.432783344],[151.917151969,-23.432783344],[151.917345213,-23.432873175],[151.91778079,-23.432693512],[151.918229948,-23.432693512],[151.91839603,-23.432783344],[151.918679105,-23.432693512],[151.919860496,-23.432693512],[151.920385904,-23.432513849],[151.920938474,-23.432513849],[151.921104557,-23.432424018],[151.922375779,-23.432424018],[151.922541861,-23.432334186],[151.92308085,-23.432334186],[151.923274094,-23.432424018],[151.923440176,-23.432334186],[151.924441904,-23.432334186],[151.924877481,-23.432154523],[151.925281723,-23.432173128],[151.925596133,-23.43197486],[151.926148703,-23.43197486],[151.926314785,-23.431885029],[151.926508029,-23.431885029],[151.926674111,-23.431795197],[151.927047018,-23.431795197],[151.927213101,-23.431705366],[151.929818215,-23.431705366],[151.929973778,-23.431769802],[151.930196146,-23.432052563],[151.930406699,-23.43197486],[151.930471135,-23.431769802],[151.930626699,-23.431705366],[151.931255519,-23.431705366],[151.931860241,-23.431949465],[151.932515372,-23.432641806],[151.933038569,-23.432963007],[151.933308064,-23.433052838],[151.933591139,-23.433052838],[151.933757222,-23.43314267],[151.93421996,-23.43314267],[151.934386042,-23.433232502],[151.934669117,-23.433232502],[151.935094176,-23.43338677],[151.935194526,-23.433501996],[151.935453502,-23.433566433],[151.935553852,-23.433681659],[151.93601659,-23.433681659],[151.936362336,-23.433861322],[151.936645411,-23.433861322],[151.936811494,-23.433951154],[151.938455622,-23.433951154],[151.938621705,-23.433861322],[151.939174274,-23.433861322],[151.939340357,-23.433771491],[151.940238672,-23.433771491],[151.94037342,-23.433827305],[151.940508167,-23.433771491],[151.940957324,-23.433771491],[151.941092072,-23.433827305],[151.941226819,-23.433771491],[151.941689557,-23.433771491],[151.94185564,-23.433681659],[151.942318378,-23.433681659],[151.942498041,-23.433591828],[151.942957718,-23.433117275],[151.943576019,-23.432873175],[151.94367637,-23.432757949],[151.944474335,-23.432603681],[151.944923492,-23.432424018],[151.945267026,-23.432192649],[151.945652663,-23.431769802],[151.945895847,-23.43165366],[151.946101821,-23.431410476],[151.94654046,-23.431256208],[151.946730642,-23.43105115],[151.946973825,-23.430935007],[151.947089968,-23.430781655],[151.947333152,-23.430665513],[151.948193341,-23.429782989],[151.948193341,-23.429589746],[151.948347609,-23.429164688],[151.948796767,-23.42871553],[151.949193303,-23.428573077],[151.949335756,-23.428356204],[151.94957894,-23.428240061],[151.949964577,-23.427817215],[151.950313384,-23.427662947],[151.950773061,-23.427278226],[151.951032036,-23.427213789],[151.95131205,-23.427008731],[151.95184052,-23.426854463],[151.952186265,-23.4266748],[151.953098161,-23.426584968],[151.953378175,-23.426290079],[151.953533738,-23.426225642],[151.953779133,-23.426290079],[151.953879484,-23.426405305],[151.954048628,-23.426469742],[151.954370745,-23.426866278],[151.955126606,-23.427188394],[151.955370706,-23.427627033],[151.955575764,-23.427727383],[151.95587157,-23.428060398],[151.956294416,-23.428266372],[151.95657443,-23.428561262],[151.9571029,-23.428805362],[151.957372395,-23.429074856],[151.95760468,-23.429561223],[151.957731721,-23.429613845],[151.957911384,-23.429973171],[151.95797582,-23.430128735],[151.95797582,-23.430591473],[151.958180878,-23.430871487],[151.958245315,-23.431130462],[151.958360541,-23.431230813],[151.958550723,-23.431615534],[151.960271103,-23.431615534],[151.960437186,-23.431705366],[151.961349081,-23.431705366],[151.961515164,-23.431795197],[151.961888071,-23.431795197],[151.962323648,-23.43197486],[151.962786386,-23.432064692],[151.963401626,-23.432334186],[151.963684701,-23.432334186],[151.964120278,-23.432513849],[151.964403353,-23.432513849],[151.964569436,-23.432603681],[151.96477626,-23.432603681],[151.964942343,-23.432513849],[151.965481332,-23.432513849],[151.966065237,-23.432712117],[151.96655931,-23.432693512],[151.96717455,-23.433052838],[151.967433526,-23.433117275],[151.967882683,-23.433566433],[151.967998826,-23.433809616],[151.96824201,-23.43401559],[151.968575941,-23.434710143],[151.968575941,-23.434979638],[151.968486109,-23.43514572],[151.968486109,-23.435532207],[151.968564126,-23.435669767],[151.968780999,-23.435812221],[151.968897141,-23.436055404],[151.969140325,-23.436171547],[151.969547379,-23.4366461],[151.96974833,-23.436701914],[151.969896657,-23.4366461],[151.970266502,-23.436261378],[151.970446165,-23.436171547],[151.971589876,-23.435837616],[151.972398359,-23.435837616],[151.972564442,-23.435927447],[151.973296675,-23.435927447],[151.973462757,-23.436017279],[151.974284821,-23.436017279],[151.974361072,-23.436040125],[151.974361072,-23.473737363],[151.973476338,-23.474006858],[151.9730136,-23.474006858],[151.972847517,-23.474096689],[151.972488191,-23.474096689],[151.972353444,-23.474040875],[151.971935621,-23.474096689],[151.971769539,-23.474186521],[151.971486464,-23.474186521],[151.971140718,-23.474366184],[151.969779665,-23.474366184],[151.969613582,-23.474456015],[151.969344087,-23.474456015],[151.969029677,-23.474310369],[151.96889493,-23.474366184],[151.967983034,-23.474366184],[151.967816951,-23.474456015],[151.967457625,-23.474456015],[151.966932217,-23.474276352],[151.966469479,-23.474276352],[151.966303396,-23.474186521],[151.963505038,-23.474186521],[151.963338956,-23.474096689],[151.962786386,-23.474096689],[151.962620303,-23.474006858],[151.96125925,-23.474006858],[151.961093167,-23.473917026],[151.96070668,-23.473917026],[151.960450766,-23.474006858],[151.960015189,-23.473827195],[151.959462619,-23.473827195],[151.959296537,-23.473737363],[151.958384641,-23.473647532],[151.957859232,-23.473467869],[151.957396494,-23.473467869],[151.956781254,-23.473198374],[151.956498179,-23.473288206],[151.956138853,-23.473288206],[151.95597277,-23.473198374],[151.955599864,-23.473198374],[151.955074455,-23.473018711],[151.95479138,-23.473018711],[151.954625297,-23.472928879],[151.954162559,-23.472928879],[151.953457487,-23.472659385],[151.953084581,-23.472659385],[151.952500676,-23.472423907],[151.952096434,-23.472479722],[151.951930351,-23.47238989],[151.95128795,-23.47238989],[151.950762542,-23.472210227],[151.950479466,-23.472210227],[151.950133721,-23.472030564],[151.948682836,-23.472030564],[151.948516753,-23.471940733],[151.947964184,-23.471940733],[151.947798101,-23.471850901],[151.947335363,-23.471850901],[151.94716928,-23.47176107],[151.946976037,-23.471850901],[151.946526879,-23.471850901],[151.946360797,-23.47176107],[151.945538732,-23.47176107],[151.94537265,-23.471671238],[151.944999743,-23.471671238],[151.944384503,-23.471311912],[151.943998016,-23.471311912],[151.943831933,-23.471401743],[151.943113281,-23.471401743],[151.942767536,-23.47122208],[151.942574292,-23.47122208],[151.942138715,-23.471042417],[151.941316651,-23.471042417],[151.940611579,-23.470683091],[151.940328504,-23.470683091],[151.94017294,-23.470618655],[151.93954412,-23.470259329],[151.939353938,-23.470054271],[151.938915299,-23.469900003],[151.938645804,-23.469540676],[151.93843983,-23.46911783],[151.938106815,-23.469001687],[151.937900841,-23.468758504],[151.937657657,-23.468642361],[151.937377644,-23.468347472],[151.936669511,-23.46801354],[151.936553368,-23.467860188],[151.936310185,-23.467744046],[151.935850508,-23.467269493],[151.93487288,-23.466755899],[151.934783049,-23.466666067],[151.934718612,-23.466407092],[151.934487243,-23.466153389],[151.933974565,-23.465947415],[151.933858422,-23.465794063],[151.933615239,-23.465677921],[151.933425057,-23.465472863],[151.933255913,-23.465408426],[151.933155562,-23.4652932],[151.932896586,-23.465228763],[151.932754132,-23.46501189],[151.932177934,-23.464689774],[151.931612634,-23.464087264],[151.93136945,-23.463971122],[151.931073645,-23.463638107],[151.930560967,-23.463342301],[151.930333575,-23.463047411],[151.930021978,-23.462982975],[151.929842314,-23.462803312],[151.929456677,-23.462021139],[151.92893348,-23.461699938],[151.928584673,-23.461635502],[151.92840501,-23.461455839],[151.928288868,-23.460943161],[151.927955852,-23.460737187],[151.927813399,-23.460430483],[151.927327032,-23.460198197],[151.927057537,-23.459928703],[151.926941395,-23.459685519],[151.926249053,-23.459030388],[151.926184617,-23.458767619],[151.925955459,-23.458915161],[151.925620233,-23.458850725],[151.925465965,-23.458605329],[151.925530401,-23.458359934],[151.925617105,-23.458277653],[151.925236807,-23.45828634],[151.925081243,-23.458221904],[151.925016807,-23.45806634],[151.925016807,-23.457796846],[151.925081243,-23.457641282],[151.92541647,-23.457576846],[151.925751697,-23.457731114],[151.925816133,-23.457886677],[151.925754824,-23.458214353],[151.926111023,-23.458270103],[151.926243558,-23.458463031],[151.926402405,-23.458333623],[151.926491321,-23.458156172],[151.926465926,-23.458094863],[151.926159222,-23.457952409],[151.925889727,-23.457682915],[151.925825291,-23.457527351],[151.925889727,-23.457281956],[151.926148703,-23.45711853],[151.925979559,-23.457054094],[151.925620233,-23.456694768],[151.925555796,-23.456525624],[151.925350738,-23.456425273],[151.925054932,-23.456092258],[151.924452423,-23.455886284],[151.924298155,-23.455447645],[151.924156617,-23.455283774],[151.923823602,-23.455167632],[151.923723252,-23.455052405],[151.923554108,-23.454987969],[151.923348133,-23.454744785],[151.92310495,-23.454628643],[151.922988807,-23.454475291],[151.92193714,-23.453820159],[151.921836789,-23.453615101],[151.921577814,-23.453550664],[151.92137184,-23.453307481],[151.921128656,-23.453191338],[151.921012514,-23.452948155],[151.92066898,-23.452716786],[151.920410004,-23.452652349],[151.920293861,-23.452498997],[151.920050678,-23.452382854],[151.919934535,-23.452229502],[151.919591001,-23.451998133],[151.919653672,-23.45254628],[151.920002479,-23.452610717],[151.920298284,-23.453123395],[151.920721131,-23.453329369],[151.921001145,-23.453624258],[151.921349952,-23.453688695],[151.921619446,-23.45395819],[151.921683883,-23.454179956],[151.92189946,-23.454342911],[151.923056751,-23.454766673],[151.923109373,-23.454893714],[151.923326245,-23.455036168],[151.923390682,-23.455191731],[151.923326245,-23.455437126],[151.922991019,-23.455501563],[151.922106284,-23.455052405],[151.921757477,-23.454987969],[151.921657126,-23.454872742],[151.921308319,-23.454718474],[151.921243883,-23.454496708],[151.921102345,-23.454385459],[151.919960846,-23.453730327],[151.919575209,-23.453127818],[151.919242194,-23.453011675],[151.919152363,-23.452921844],[151.919087926,-23.452662868],[151.918423191,-23.452177796],[151.918090622,-23.452067464],[151.918026185,-23.452293023],[151.917870622,-23.452357459],[151.917601127,-23.452357459],[151.917445564,-23.452293023],[151.917381127,-23.452071257],[151.91716555,-23.451908302],[151.916985887,-23.45181847],[151.916523149,-23.45181847],[151.916367585,-23.451754034],[151.915818077,-23.45118965],[151.914840449,-23.450676055],[151.914724307,-23.450522703],[151.91430146,-23.450316729],[151.914111278,-23.450111671],[151.913828203,-23.450111671],[151.913672639,-23.450047235],[151.913556497,-23.449893883],[151.913313313,-23.44977774],[151.91299609,-23.449393019],[151.912145503,-23.449059088],[151.911876009,-23.448699762],[151.911811572,-23.448440786],[151.911696346,-23.448340436],[151.911452246,-23.447901797],[151.911284397,-23.447674405],[151.911157357,-23.447621783],[151.911057006,-23.447326894],[151.91079803,-23.447262457],[151.910158691,-23.446787905],[151.909720052,-23.446633637],[151.909440039,-23.446338747],[151.908911568,-23.446184479],[151.908811218,-23.446069252],[151.908528143,-23.446069252],[151.908272229,-23.445889589],[151.907899322,-23.445889589],[151.907743759,-23.445825153],[151.906575949,-23.445196332],[151.906475598,-23.445081106],[151.905857296,-23.444837006],[151.905613197,-23.44450178],[151.905613197,-23.444039041],[151.905318307,-23.443759028],[151.905202165,-23.443515844],[151.904842839,-23.443156518],[151.904240329,-23.442770881],[151.903944523,-23.442437866],[151.903600989,-23.442206497],[151.903162351,-23.442052229],[151.902554346,-23.441701525],[151.902419599,-23.441757339],[151.901790778,-23.441757339],[151.901175538,-23.441577676],[151.900083979,-23.441577676],[151.899928416,-23.44151324],[151.899863979,-23.44128768],[151.899365327,-23.441487845],[151.898916169,-23.441487845],[151.898580943,-23.441333576],[151.898480592,-23.44121835],[151.897772459,-23.441064082],[151.897592796,-23.44097425],[151.897222951,-23.440589529],[151.896850044,-23.440589529],[151.896694481,-23.440525093],[151.896651776,-23.440421995],[151.896400886,-23.440589529],[151.895902234,-23.440569028],[151.895902234,-23.440908518],[151.895837798,-23.441064082],[151.895502571,-23.44121835],[151.895167345,-23.441153913]],[[151.895542908,-23.439740709],[151.895542908,-23.440189866],[151.895485197,-23.440329192],[151.895731729,-23.440349694],[151.895796165,-23.440124134],[151.895969102,-23.439870877],[151.895796165,-23.43980644],[151.895731729,-23.439650877],[151.895796165,-23.439405482],[151.895951729,-23.439341045],[151.896266139,-23.43939686],[151.896760212,-23.439251214],[151.897133119,-23.439251214],[151.897568696,-23.439071551],[151.898121266,-23.439071551],[151.898287348,-23.438981719],[151.898570424,-23.438981719],[151.899289076,-23.438712225],[151.899504653,-23.438496648],[151.899504653,-23.438303404],[151.899838584,-23.43751902],[151.899953811,-23.437418669],[151.900043642,-23.437032182],[151.899800904,-23.436996268],[151.899634821,-23.4370861],[151.899351746,-23.4370861],[151.898263249,-23.437830147],[151.897568696,-23.438074246],[151.897375453,-23.438074246],[151.897016126,-23.438253909],[151.896672592,-23.438485279],[151.896376787,-23.438818294],[151.896133603,-23.438934436],[151.895747966,-23.439357283],[151.895488991,-23.439421719],[151.895478472,-23.439585145],[151.895542908,-23.439740709]],[[151.918876142,-23.451647965],[151.918837796,-23.45163012],[151.918845188,-23.451647965],[151.918876142,-23.451647965]],[[151.918591485,-23.451506427],[151.918700077,-23.45156682],[151.918676894,-23.45151085],[151.918589274,-23.451459144],[151.918591485,-23.451506427]],[[151.917349006,-23.45074965],[151.91731066,-23.450731805],[151.917318052,-23.45074965],[151.917349006,-23.45074965]],[[151.917134596,-23.45065066],[151.917172942,-23.450668505],[151.91716555,-23.45065066],[151.917134596,-23.45065066]],[[151.916689231,-23.450480155],[151.916813616,-23.450488842],[151.916716392,-23.450381166],[151.916412345,-23.450282647],[151.916435529,-23.450338617],[151.916689231,-23.450480155]],[[151.916150242,-23.45021066],[151.916274626,-23.450219347],[151.915876954,-23.45002184],[151.91596006,-23.450095434],[151.916150242,-23.45021066]],[[151.956606615,-23.42955238],[151.956538516,-23.429782989],[151.95706569,-23.430729033],[151.957176494,-23.430717219],[151.956996831,-23.430025323],[151.956791773,-23.429835141],[151.95667563,-23.429591957],[151.956606615,-23.42955238]],[[151.912287486,-23.442754644],[151.912929888,-23.442754644],[151.91309597,-23.442844475],[151.913289214,-23.442844475],[151.913994285,-23.443203801],[151.914906181,-23.443383464],[151.915341758,-23.443563127],[151.915714665,-23.443563127],[151.915880747,-23.443652959],[151.917421464,-23.443690168],[151.917598916,-23.443601253],[151.91780489,-23.443358069],[151.918692686,-23.443024138],[151.918908263,-23.442808561],[151.918830247,-23.442554009],[151.918153697,-23.442116665],[151.917960453,-23.442116665],[151.917255382,-23.441847171],[151.916972306,-23.441847171],[151.916806224,-23.441757339],[151.916433317,-23.441757339],[151.916267235,-23.441667508],[151.91598416,-23.441667508],[151.915818077,-23.441577676],[151.914906181,-23.441398013],[151.914740099,-23.441308181],[151.914457024,-23.441308181],[151.914031965,-23.441153913],[151.913931615,-23.441038687],[151.913513793,-23.440982873],[151.913289214,-23.441038687],[151.913123131,-23.440948855],[151.912660393,-23.440911646],[151.912017992,-23.441038687],[151.911748497,-23.441128518],[151.911622752,-23.441254264],[151.911622752,-23.441447508],[151.91153292,-23.44161359],[151.91153292,-23.44216616],[151.911406527,-23.442347387],[151.912107823,-23.442664812],[151.912287486,-23.442754644]]]}},{"type":"Feature","properties":{"class":"Reef"},"geometry":{"type":"Polygon","coordinates":[[[151.975428532,-23.436530873],[151.975618714,-23.436825763],[151.975901789,-23.436825763],[151.976057352,-23.436890199],[151.976121789,-23.437149175],[151.976337366,-23.437454583],[151.976686173,-23.43751902],[151.976786524,-23.437634246],[151.977294178,-23.437922346],[151.977453025,-23.437698683],[151.977678584,-23.437634246],[151.97747842,-23.437211845],[151.977173011,-23.4370861],[151.976800104,-23.4370861],[151.976644541,-23.437021663],[151.97631061,-23.436416942],[151.976375046,-23.436171547],[151.976824204,-23.435722389],[151.976979767,-23.435657953],[151.978237409,-23.435657953],[151.979291288,-23.436081715],[151.979445556,-23.43632711],[151.979445556,-23.436483145],[151.979571301,-23.436556268],[151.979750964,-23.4366461],[151.980137451,-23.4366461],[151.980480986,-23.436324899],[151.980712355,-23.435981365],[151.980712355,-23.435721919],[151.980507297,-23.435584359],[151.98044286,-23.435428795],[151.98044286,-23.435249132],[151.980565479,-23.435069469],[151.98044286,-23.434889806],[151.98044286,-23.434620311],[151.980507297,-23.434464748],[151.98066286,-23.434400311],[151.980932355,-23.434400311],[151.981098437,-23.434490143],[151.981199638,-23.434438437],[151.98131578,-23.434105422],[151.981675106,-23.433746096],[151.98191829,-23.433629953],[151.982214096,-23.433296938],[151.982341136,-23.433244317],[151.982393759,-23.433117275],[151.982598817,-23.433016924],[151.982663253,-23.43284778],[151.982868311,-23.432657598],[151.983022579,-23.432129128],[151.983239452,-23.431986675],[151.983292074,-23.431859634],[151.9836514,-23.431500307],[151.983986627,-23.431346039],[151.984269702,-23.431346039],[151.984459884,-23.431140981],[151.98488273,-23.430935007],[151.984998873,-23.430781655],[151.985154436,-23.430717219],[151.985437512,-23.430717219],[151.985873089,-23.430447724],[151.986066332,-23.430447724],[151.986501909,-23.430268061],[151.986874816,-23.430268061],[151.987040899,-23.43017823],[151.987579888,-23.43017823],[151.98774597,-23.430268061],[151.988118877,-23.430268061],[151.988284959,-23.430357893],[151.988671447,-23.430357893],[151.988927361,-23.43017823],[151.989300267,-23.43017823],[151.989437827,-23.430100213],[151.989670112,-23.429793508],[151.989929088,-23.429729072],[151.990185002,-23.429549409],[151.990468077,-23.429549409],[151.990658259,-23.429344351],[151.991173149,-23.429100251],[151.991532475,-23.429100251],[151.991688038,-23.429164688],[151.99174066,-23.429291729],[151.99187822,-23.429369746],[151.992071464,-23.429279914],[151.992444371,-23.429279914],[151.992724384,-23.428895193],[151.992879948,-23.428830757],[151.993432518,-23.428830757],[151.993688432,-23.428651094],[151.994061338,-23.428740925],[151.994496915,-23.428561262],[151.994676578,-23.428561262],[151.994842661,-23.428651094],[151.995857969,-23.428651094],[151.996024051,-23.428561262],[151.996846116,-23.428561262],[151.997012198,-23.428471431],[151.997385105,-23.428471431],[151.997575287,-23.428266372],[151.997834262,-23.428201936],[151.998653265,-23.427637552],[151.998808829,-23.427573115],[151.998955168,-23.427596521],[151.999012591,-23.427457889],[151.999168155,-23.427393452],[151.999796976,-23.427573115],[151.999978202,-23.427699508],[152.000217611,-23.427674761],[152.000360064,-23.427457889],[152.000515628,-23.427393452],[152.000991097,-23.427438368],[152.001324112,-23.427258705],[152.001659338,-23.427368057],[152.001863101,-23.42751607],[152.002308483,-23.427252562],[152.002271921,-23.427074463],[152.002336358,-23.4269189],[152.002491921,-23.426854463],[152.002721079,-23.426908381],[152.002785516,-23.426739236],[152.002993086,-23.42661924],[152.00305501,-23.426469742],[152.003466991,-23.426286874],[152.003444533,-23.426164556],[152.003376656,-23.426126653],[152.003120742,-23.426306316],[152.002941079,-23.426306316],[152.002785516,-23.42624188],[152.002721079,-23.425979111],[152.002222427,-23.426126653],[152.002066863,-23.426062217],[152.002002427,-23.425906653],[152.002002427,-23.425547327],[152.002066863,-23.425391764],[152.002468292,-23.425327327],[152.002695684,-23.424942606],[152.002941079,-23.424788338],[152.003186474,-23.424852774],[152.003234203,-23.424968001],[152.003366608,-23.424968001],[152.003414336,-23.424852774],[152.0035699,-23.424788338],[152.003815295,-23.424852774],[152.003994958,-23.424942606],[152.004239057,-23.425344035],[152.004456623,-23.425511792],[152.004803442,-23.425571427],[152.004893273,-23.425661258],[152.00495771,-23.425906653],[152.004893273,-23.426062217],[152.004688215,-23.426126653],[152.00466961,-23.426221063],[152.004893273,-23.426290079],[152.00495771,-23.426535474],[152.004889309,-23.426692679],[152.00535295,-23.427123958],[152.005885684,-23.427303621],[152.005865183,-23.427164295],[152.005929619,-23.427008731],[152.006085183,-23.426944295],[152.006404172,-23.427002005],[152.00655844,-23.426559573],[152.006798811,-23.426495137],[152.006955956,-23.426036822],[152.006714003,-23.426126653],[152.006444509,-23.426126653],[152.006288945,-23.426062217],[152.005929619,-23.425702891],[152.005865183,-23.425457496],[152.006012725,-23.425228338],[152.005749956,-23.42507407],[152.005685519,-23.424918506],[152.005685519,-23.42455918],[152.005749956,-23.424403617],[152.005905519,-23.42433918],[152.006085183,-23.42433918],[152.006336072,-23.424506714],[152.006442297,-23.424377306],[152.006494003,-23.424303266],[152.006494003,-23.424020191],[152.006673666,-23.423764277],[152.006583835,-23.423481202],[152.006648271,-23.423145975],[152.006763498,-23.423045625],[152.006827934,-23.422876481],[152.00722447,-23.422554364],[152.007277092,-23.422427323],[152.007612319,-23.422273055],[152.007805562,-23.422273055],[152.007995744,-23.422067997],[152.008151308,-23.42200356],[152.008420802,-23.42200356],[152.008576366,-23.422067997],[152.00861907,-23.422171095],[152.008780128,-23.422093392],[152.009063204,-23.422093392],[152.009253386,-23.421888334],[152.009602193,-23.421734066],[152.009702543,-23.421529008],[152.010217433,-23.421284908],[152.010410676,-23.421284908],[152.010600859,-23.420990019],[152.011385243,-23.420656088],[152.012027644,-23.420566256],[152.012193726,-23.420476425],[152.012476802,-23.420476425],[152.013271705,-23.42020693],[152.013644611,-23.42020693],[152.013834794,-23.420001872],[152.014077977,-23.419885729],[152.01419412,-23.419732377],[152.014349683,-23.419667941],[152.01472259,-23.419667941],[152.01486015,-23.419589924],[152.014912772,-23.419462883],[152.015134538,-23.419398446],[152.015182266,-23.41928322],[152.015182266,-23.465966936],[152.013985778,-23.465966936],[152.013921342,-23.46621691],[152.013765778,-23.466281346],[152.013087463,-23.466281346],[152.013023026,-23.466486404],[152.012867463,-23.466550841],[152.012423329,-23.466550841],[152.012394206,-23.466621152],[152.012148811,-23.466685588],[152.011723753,-23.46653132],[152.011669054,-23.466399266],[152.011585722,-23.466800815],[152.011430158,-23.466865251],[152.010662012,-23.466865251],[152.010597575,-23.467115225],[152.010442012,-23.467179662],[152.010024189,-23.467179662],[152.009813191,-23.467269493],[152.009596351,-23.467120642],[152.009139455,-23.46740424],[152.00886996,-23.46740424],[152.008502895,-23.467210474],[152.008351787,-23.46738472],[152.008196223,-23.467449156],[152.007598738,-23.467269493],[152.007408556,-23.467564383],[152.00714958,-23.467628819],[152.006779735,-23.467923709],[152.006430928,-23.467988145],[152.006175014,-23.468167808],[152.005546193,-23.468167808],[152.005380111,-23.468077977],[152.004647878,-23.468077977],[152.004402483,-23.467923709],[152.004080366,-23.467167847],[152.003659731,-23.467179662],[152.003234673,-23.467025394],[152.003035489,-23.466640672],[152.002889073,-23.466669921],[152.002782232,-23.466845731],[152.002447006,-23.466910167],[152.002291442,-23.466845731],[152.00218209,-23.466640672],[152.001977032,-23.466576236],[152.001889411,-23.466461009],[152.001144448,-23.466595757],[152.000892398,-23.466565773],[152.000671191,-23.466845731],[152.000515628,-23.466910167],[152.000264738,-23.466832465],[152.000222034,-23.466935562],[151.999976639,-23.466999999],[151.999795412,-23.466873606],[151.999257986,-23.467179662],[151.999033408,-23.467123848],[151.998763913,-23.467161057],[151.998539334,-23.467269493],[151.998113805,-23.467269493],[151.998066077,-23.46738472],[151.99773085,-23.467538988],[151.997485455,-23.467474551],[151.997437727,-23.467359325],[151.997300297,-23.467359325],[151.997088449,-23.467449156],[151.996988099,-23.467654214],[151.996729123,-23.467718651],[151.996628772,-23.467923709],[151.996293546,-23.468077977],[151.996024051,-23.468077977],[151.995830808,-23.467988145],[151.995395231,-23.468167808],[151.995125736,-23.468167808],[151.994700678,-23.46801354],[151.994652949,-23.467898314],[151.994431183,-23.467833877],[151.994366747,-23.467538988],[151.994137589,-23.467628819],[151.993892194,-23.467564383],[151.993827758,-23.467229156],[151.993950376,-23.467049493],[151.993712531,-23.466845731],[151.993648095,-23.466534133],[151.993353205,-23.466396573],[151.993288769,-23.466189618],[151.993059611,-23.466281346],[151.992520622,-23.466281346],[151.992365058,-23.46621691],[151.992305424,-23.465959923],[151.992140479,-23.465767752],[151.992024337,-23.465434737],[151.991788389,-23.4652932],[151.991598207,-23.465588089],[151.991508375,-23.465677921],[151.9912494,-23.465742357],[151.991033823,-23.466047766],[151.991033823,-23.466959662],[151.990978008,-23.467094409],[151.991033823,-23.467229156],[151.991033823,-23.467691894],[151.9912494,-23.467907472],[151.991622306,-23.467997303],[151.992766017,-23.468510897],[151.992830453,-23.468666461],[151.992766017,-23.468911856],[151.992340959,-23.469066124],[151.992147715,-23.469066124],[151.991891801,-23.469245787],[151.991159568,-23.469245787],[151.990993486,-23.469335618],[151.990679076,-23.469279804],[151.990364665,-23.46942545],[151.99009517,-23.46942545],[151.989569762,-23.469245787],[151.989273106,-23.469245787],[151.989019404,-23.469387324],[151.98881343,-23.469900003],[151.988374791,-23.470054271],[151.988004946,-23.470438992],[151.987849382,-23.470503428],[151.987656139,-23.470503428],[151.987310393,-23.470683091],[151.986218834,-23.470683091],[151.986052752,-23.470772923],[151.985796838,-23.470683091],[151.984871361,-23.470683091],[151.984705279,-23.470772923],[151.984422204,-23.470772923],[151.983074731,-23.471401743],[151.982731197,-23.471633113],[151.982615054,-23.471786465],[151.982010333,-23.472030564],[151.981817089,-23.472030564],[151.981537076,-23.472235622],[151.981098437,-23.47238989],[151.980483197,-23.472749216],[151.979944208,-23.472749216],[151.979809461,-23.472693402],[151.97948147,-23.472749216],[151.978686566,-23.473108543],[151.977684839,-23.473108543],[151.977428925,-23.473288206],[151.977249262,-23.473288206],[151.977056018,-23.473198374],[151.976955668,-23.473313601],[151.976696692,-23.473378037],[151.976261115,-23.473647532],[151.975991621,-23.473647532],[151.975767042,-23.473539095],[151.975272968,-23.473737363],[151.974361072,-23.473737363],[151.974361072,-23.436040125],[151.974799711,-23.436171547],[151.975428532,-23.436530873]],[[152.009519752,-23.440337879],[152.009458444,-23.439920372],[152.009567796,-23.439674977],[152.00981777,-23.43961054],[152.009882206,-23.439405482],[152.010231013,-23.439341045],[152.010356759,-23.4392153],[152.010266927,-23.438343741],[152.009981262,-23.438320335],[152.009834007,-23.438548799],[152.009365264,-23.438747983],[152.00940437,-23.438977141],[152.009339934,-23.439132704],[152.009049623,-23.439242056],[152.008780128,-23.439242056],[152.008600465,-23.439119438],[152.008306871,-23.439671693],[152.008101813,-23.439906791],[152.008056897,-23.440278467],[152.008434383,-23.440239361],[152.008600465,-23.440149529],[152.008959791,-23.440149529],[152.009141666,-23.440277486],[152.009319118,-23.440366402],[152.009519752,-23.440337879]],[[152.009921705,-23.440556931],[152.009837291,-23.440480177],[152.009826772,-23.440454782],[152.009764772,-23.440454782],[152.009921705,-23.440556931]],[[152.009588612,-23.437940951],[152.009638107,-23.437920449],[152.009588612,-23.437682134],[152.009443837,-23.437822486],[152.009588612,-23.437940951]],[[152.007838128,-23.432064692],[152.008110971,-23.432167318],[152.008175407,-23.431949465],[152.008397173,-23.431885029],[152.008441775,-23.431777352],[152.007851538,-23.431863331],[152.007838128,-23.432064692]],[[152.008371308,-23.431076545],[152.008506858,-23.431025487],[152.008431746,-23.430926275],[152.008371308,-23.431000738],[152.008371308,-23.431076545]],[[152.006192388,-23.4370861],[152.006108811,-23.4370861],[152.006067809,-23.437185089],[152.006109282,-23.437159694],[152.006172803,-23.437133383],[152.006192388,-23.4370861]],[[152.005941055,-23.429601337],[152.006013955,-23.42963924],[152.006053847,-23.42963924],[152.005945421,-23.429590796],[152.005941055,-23.429601337]],[[152.005807949,-23.435627141],[152.005991576,-23.435517063],[152.005950435,-23.435469132],[152.005817899,-23.435520838],[152.005807949,-23.435627141]],[[152.002137174,-23.431290069],[152.001885559,-23.431178651],[152.001613442,-23.43124705],[152.001621403,-23.431551398],[152.002132595,-23.431435871],[152.00218209,-23.431456372],[152.002137174,-23.431290069]],[[152.003080405,-23.432620389],[152.003116967,-23.432465919],[152.003038649,-23.432400756],[152.002756402,-23.432439094],[152.002728014,-23.432489024],[152.002827619,-23.432873175],[152.002965179,-23.432668117],[152.003080405,-23.432620389]],[[152.003610237,-23.433133512],[152.003567097,-23.433287155],[152.003664756,-23.433412165],[152.003811852,-23.433412165],[152.003773662,-23.433383486],[152.003709226,-23.433094406],[152.003610237,-23.433133512]],[[152.002451584,-23.431807992],[152.002454822,-23.431782802],[152.002442427,-23.431786039],[152.002437625,-23.43180221],[152.002451584,-23.431807992]]]}},{"type":"Feature","properties":{"class":"Reef"},"geometry":{"type":"Polygon","coordinates":[[[152.015566988,-23.419128952],[152.015656819,-23.418630299],[152.015811087,-23.418384904],[152.016146314,-23.418320468],[152.016402228,-23.418500131],[152.01651922,-23.418500131],[152.016709402,-23.418295073],[152.016931169,-23.418230636],[152.017338223,-23.417666252],[152.01767345,-23.417511984],[152.017812776,-23.417511984],[152.017877212,-23.417217094],[152.018212439,-23.417062826],[152.018481933,-23.417062826],[152.01881716,-23.417217094],[152.018971428,-23.417552321],[152.018971428,-23.418001479],[152.018727328,-23.418516368],[152.018571765,-23.418580805],[152.01828869,-23.418580805],[152.018034987,-23.418722342],[152.017713787,-23.419065876],[152.017623955,-23.419325323],[152.017808197,-23.419417051],[152.018226019,-23.419398446],[152.018392102,-23.419308615],[152.019739575,-23.419308615],[152.019905657,-23.419398446],[152.020817553,-23.419398446],[152.0217816,-23.41991204],[152.021846037,-23.420081184],[152.021961264,-23.420181535],[152.022061614,-23.420476425],[152.022389605,-23.420431509],[152.022557676,-23.420526142],[152.022793847,-23.420476425],[152.02294941,-23.420540861],[152.023013847,-23.420696425],[152.022904495,-23.420986735],[152.022748931,-23.421051172],[152.022516614,-23.420992152],[152.022385026,-23.42107938],[152.02232059,-23.421390977],[152.022127661,-23.421576135],[152.022230758,-23.421618839],[152.022295195,-23.421864234],[152.022230758,-23.422019798],[152.021886152,-23.422211969],[152.021846037,-23.422632381],[152.022140927,-23.422786649],[152.022205363,-23.423032044],[152.022140927,-23.423187608],[152.021807911,-23.423393582],[152.021637551,-23.423640618],[152.021666374,-23.424020191],[152.021601937,-23.424175755],[152.021486711,-23.424223483],[152.021422274,-23.424445249],[152.021332443,-23.424535081],[152.020682806,-23.42477918],[152.020392495,-23.424714744],[152.02024524,-23.42448628],[152.020139238,-23.424509686],[152.020139238,-23.425008338],[152.020049406,-23.42517442],[152.020012197,-23.425457495],[152.020139238,-23.42572699],[152.020093374,-23.426197042],[152.020389212,-23.426334995],[152.02054348,-23.426760053],[152.020588396,-23.427222791],[152.020723143,-23.427482208],[152.020796737,-23.427368057],[152.021087048,-23.427258705],[152.021332443,-23.427412973],[152.021531627,-23.427793115],[152.02146719,-23.428128342],[152.021287527,-23.428308005],[152.020947722,-23.428400649],[152.020992637,-23.428601599],[152.020888054,-23.42883548],[152.020902806,-23.429050757],[152.020793454,-23.429251236],[152.020586499,-23.429315672],[152.020588396,-23.429369746],[152.020973117,-23.429524014],[152.021028866,-23.429790381],[152.021406037,-23.428974506],[152.021495868,-23.428421936],[152.0215857,-23.428255853],[152.0215857,-23.427972778],[152.021675532,-23.427806696],[152.021675532,-23.426791388],[152.0215857,-23.426625305],[152.0215857,-23.425996485],[152.021765363,-23.425740571],[152.022099294,-23.424762943],[152.022448101,-23.424608675],[152.022638283,-23.424403617],[152.023063341,-23.424249349],[152.023692162,-23.424249349],[152.02475656,-23.424698506],[152.024963384,-23.424698506],[152.025268793,-23.42444572],[152.02571795,-23.423404951],[152.02571795,-23.42276255],[152.025872218,-23.422427323],[152.025987445,-23.422326973],[152.026141713,-23.421708671],[152.026400689,-23.421644234],[152.026656603,-23.421464571],[152.026849846,-23.421464571],[152.027219691,-23.420810356],[152.027309523,-23.420720524],[152.027535082,-23.420656088],[152.027514581,-23.420181064],[152.027309523,-23.420043504],[152.027245086,-23.419887941],[152.027245086,-23.419169289],[152.027399354,-23.41874423],[152.027604412,-23.41864388],[152.027668849,-23.418384904],[152.02836119,-23.417729773],[152.028567164,-23.417306926],[152.028682391,-23.417206575],[152.028682391,-23.416474343],[152.028951885,-23.415859103],[152.028862054,-23.415665859],[152.028862054,-23.415216701],[152.029555311,-23.413893328],[152.029862015,-23.413661043],[152.029914637,-23.413534002],[152.030633289,-23.41281535],[152.031071928,-23.412661082],[152.031172279,-23.412545855],[152.031610917,-23.412391587],[152.031711268,-23.41227636],[152.031866831,-23.412211924],[152.032226157,-23.412211924],[152.03239224,-23.412301755],[152.033138053,-23.412301755],[152.033304136,-23.412211924],[152.033766874,-23.412211924],[152.034739229,-23.41171106],[152.034855371,-23.411467877],[152.035240092,-23.411187863],[152.03539436,-23.410749224],[152.035653336,-23.410684788],[152.036292676,-23.410300067],[152.036641483,-23.41023563],[152.03707706,-23.410055967],[152.037719461,-23.410055967],[152.038065207,-23.409876304],[152.038438113,-23.409876304],[152.038604196,-23.409786473],[152.03902003,-23.409809879],[152.03919268,-23.409570896],[152.03919268,-23.409197989],[152.039257116,-23.409042425],[152.039372343,-23.408942075],[152.039436779,-23.408772931],[152.039552006,-23.408725202],[152.039616442,-23.408503436],[152.039706274,-23.408413605],[152.039861837,-23.408349168],[152.040414407,-23.408349168],[152.040939816,-23.408079674],[152.041402554,-23.407989842],[152.041746088,-23.407758473],[152.04186223,-23.407515289],[152.042041893,-23.407335626],[152.042394494,-23.40727119],[152.042300869,-23.407172201],[152.042107625,-23.407172201],[152.041682567,-23.407017933],[152.041582217,-23.406902706],[152.041323241,-23.40683827],[152.041222891,-23.406723043],[152.041143108,-23.406723043],[152.041095379,-23.40683827],[152.040915716,-23.406928101],[152.040580489,-23.406992538],[152.040245263,-23.40683827],[152.040144912,-23.406723043],[152.039682174,-23.406902706],[152.03941268,-23.406902706],[152.038887271,-23.406723043],[152.038514364,-23.406723043],[152.038110123,-23.406487566],[152.037975375,-23.40654338],[152.03707706,-23.40654338],[152.036942313,-23.406487566],[152.036807565,-23.40654338],[152.036088913,-23.40654338],[152.035954166,-23.406487565],[152.035819418,-23.40654338],[152.035087186,-23.40654338],[152.034807172,-23.406748438],[152.034278702,-23.406902706],[152.034178351,-23.407017933],[152.034022788,-23.407082369],[152.033739713,-23.407082369],[152.03294481,-23.407441695],[152.03239224,-23.407441695],[152.032046494,-23.407621358],[152.031583756,-23.407621358],[152.031446196,-23.407699375],[152.031213911,-23.408006079],[152.031098684,-23.408053808],[152.030944416,-23.408455237],[152.030674922,-23.408724732],[152.030363324,-23.408789168],[152.030135933,-23.409353552],[152.02995627,-23.409533215],[152.029261717,-23.409867147],[152.028978642,-23.409867147],[152.028183739,-23.410406136],[152.027990495,-23.410406136],[152.027824412,-23.410495967],[152.027015929,-23.410495967],[152.026860365,-23.410431531],[152.026807743,-23.41030449],[152.02649052,-23.410136641],[152.026141713,-23.410072205],[152.025807782,-23.409197989],[152.025807782,-23.408479337],[152.026411208,-23.4069763],[152.026526434,-23.40687595],[152.026590871,-23.406706806],[152.026744223,-23.406590663],[152.026860365,-23.40634748],[152.02712986,-23.406077985],[152.027465086,-23.405923717],[152.02765833,-23.405923717],[152.027824412,-23.405833885],[152.028376982,-23.405833885],[152.028722728,-23.405654222],[152.029005803,-23.405654222],[152.029890538,-23.405294896],[152.030802433,-23.405115233],[152.031597337,-23.404755907],[152.03179058,-23.404755907],[152.031956663,-23.404666076],[152.034292282,-23.404666076],[152.034485526,-23.404755907],[152.034918892,-23.404524538],[152.035035034,-23.404371186],[152.036012662,-23.404037255],[152.036627902,-23.403677929],[152.038424533,-23.403677929],[152.038590615,-23.40376776],[152.039233017,-23.40376776],[152.039399099,-23.403857592],[152.0400415,-23.403857592],[152.040207583,-23.403947423],[152.040760153,-23.403947423],[152.041105898,-23.404127086],[152.041478805,-23.404127086],[152.041748299,-23.404216918],[152.041903863,-23.404281354],[152.042094045,-23.404486412],[152.04237712,-23.404396581],[152.042660195,-23.404396581],[152.043005941,-23.404216918],[152.043634761,-23.404216918],[152.043800844,-23.404306749],[152.043994088,-23.404306749],[152.044788991,-23.404666076],[152.044982234,-23.404666076],[152.045497124,-23.404820344],[152.04556156,-23.405079319],[152.045946282,-23.405269501],[152.046062424,-23.405512685],[152.046395439,-23.40580849],[152.046459876,-23.406120088],[152.046575102,-23.406167816],[152.046639539,-23.406426792],[152.046733949,-23.406518521],[152.04682836,-23.406426792],[152.04682836,-23.406233548],[152.046982628,-23.405898322],[152.047162291,-23.405718659],[152.047405474,-23.405602516],[152.047521617,-23.405449164],[152.04767718,-23.405384728],[152.04822975,-23.405384728],[152.048395832,-23.405294896],[152.048575495,-23.405294896],[152.049270048,-23.405538996],[152.049514148,-23.405874222],[152.049509347,-23.406155308],[152.049719206,-23.406257648],[152.049783642,-23.406413211],[152.049719206,-23.406658607],[152.049363007,-23.406714356],[152.049424316,-23.406952201],[152.049154822,-23.407477609],[152.049090385,-23.407736585],[152.049000554,-23.407826416],[152.048022926,-23.408340011],[152.047922575,-23.408455237],[152.047700809,-23.408519674],[152.047627686,-23.408728995],[152.047767012,-23.408708494],[152.047922575,-23.408772931],[152.04798221,-23.409029917],[152.048112757,-23.409157652],[152.048641227,-23.40931192],[152.048705664,-23.409660727],[152.048921241,-23.409786473],[152.049204316,-23.409786473],[152.049608558,-23.409984741],[152.050372126,-23.409966136],[152.050617521,-23.410120404],[152.050717872,-23.410415293],[152.050897535,-23.410505125],[152.051090778,-23.410415293],[152.051336173,-23.41047973],[152.051515836,-23.410569561],[152.051568458,-23.410696602],[152.051706018,-23.410774619],[152.051989094,-23.410774619],[152.052144657,-23.410839056],[152.052350631,-23.41108224],[152.052593815,-23.411198382],[152.05288962,-23.41171106],[152.053132804,-23.411917034],[152.05319724,-23.412086178],[152.053312467,-23.412186529],[152.053466735,-23.412625168],[152.053761625,-23.412905181],[152.054095556,-23.413613314],[152.054300614,-23.413713665],[152.054570108,-23.414252654],[152.054634545,-23.414408218],[152.054634545,-23.414691293],[152.054749771,-23.414791643],[152.054904039,-23.41512687],[152.054904039,-23.415320113],[152.055263366,-23.415935354],[152.055263366,-23.416128597],[152.055443029,-23.416564174],[152.05553286,-23.417026912],[152.055737918,-23.417396758],[152.055892186,-23.417821816],[152.055892186,-23.418015059],[152.056161681,-23.418540468],[152.056161681,-23.418899794],[152.055982018,-23.419245539],[152.055982018,-23.419438783],[152.055892186,-23.419604866],[152.055836372,-23.420022688],[152.055892186,-23.420157435],[152.055892186,-23.420516761],[152.055689039,-23.420898545],[152.055802355,-23.421195077],[152.056007413,-23.421259513],[152.056071849,-23.421415077],[152.056071849,-23.42159474],[152.055961336,-23.421869248],[152.056071849,-23.422043897],[152.056016035,-23.422268476],[152.056071849,-23.422672718],[152.056007413,-23.422828282],[152.055851849,-23.422892718],[152.055712523,-23.422872217],[152.055622692,-23.423095564],[152.055712523,-23.423301539],[152.055667607,-23.424199854],[152.055477046,-23.424604096],[152.055516152,-23.424698506],[152.055672186,-23.424698506],[152.055917581,-23.424852774],[152.056071849,-23.425367664],[152.056071849,-23.425560908],[152.056161681,-23.42572699],[152.056161681,-23.425906653],[152.056007413,-23.426152048],[152.055658606,-23.426216485],[152.055353197,-23.426432062],[152.055288761,-23.426691037],[152.055109097,-23.426960532],[152.054724376,-23.4271148],[152.054724376,-23.427523621],[152.054508152,-23.42788451],[152.054544713,-23.428152441],[152.054390445,-23.428577499],[152.05414505,-23.428731767],[152.053915893,-23.428711266],[152.053851456,-23.429026657],[152.053556566,-23.429127008],[152.053556566,-23.429320251],[152.053312467,-23.429924972],[152.053132804,-23.430104635],[152.052837914,-23.430204986],[152.052837914,-23.43039823],[152.052593815,-23.430913119],[152.052258588,-23.431157219],[152.051616187,-23.431157219],[152.051426005,-23.43154194],[152.051310778,-23.43164229],[152.05115651,-23.432080929],[152.051000947,-23.432145366],[152.050731452,-23.432145366],[152.05056537,-23.432055534],[152.050372126,-23.432145366],[152.049024653,-23.432145366],[152.048858571,-23.432055534],[152.048472083,-23.432055534],[152.048436169,-23.432298272],[152.048551396,-23.432398623],[152.048615832,-23.432644018],[152.048551396,-23.432799581],[152.048334523,-23.432942035],[152.048281901,-23.433069076],[152.048126338,-23.433133512],[152.047610978,-23.433133512],[152.047563249,-23.433248739],[152.047407686,-23.433313175],[152.047214442,-23.433313175],[152.046868696,-23.433492838],[152.046532999,-23.433492838],[152.046305608,-23.43387756],[152.045946282,-23.434236886],[152.045790718,-23.434301322],[152.04471274,-23.434301322],[152.044377513,-23.434147054],[152.044145228,-23.433481023],[152.043838524,-23.43333857],[152.043648342,-23.433133512],[152.043095772,-23.433133512],[152.042940209,-23.433069076],[152.042618092,-23.432492877],[152.042480532,-23.43241486],[152.042183876,-23.43241486],[152.042058131,-23.432540606],[152.041903863,-23.433069076],[152.041730926,-23.433133512],[152.041788636,-23.433591828],[152.042107625,-23.433591828],[152.042263189,-23.433656264],[152.042327625,-23.433901659],[152.042263189,-23.434057223],[152.042041423,-23.434121659],[152.041968299,-23.434247405],[152.041788636,-23.434696562],[152.0417242,-23.435045369],[152.041568636,-23.435109806],[152.040710658,-23.435109806],[152.040646221,-23.435314864],[152.040376727,-23.435584359],[152.040221163,-23.435648795],[152.039840865,-23.435640108],[152.039992006,-23.436057616],[152.039992006,-23.43632711],[152.039722511,-23.436825763],[152.039927569,-23.436890199],[152.039992006,-23.437225426],[152.039837738,-23.437650484],[152.039682174,-23.43771492],[152.039367764,-23.437659106],[152.039273353,-23.437840666],[152.039273353,-23.438316985],[152.039363185,-23.438532562],[152.039568243,-23.438596998],[152.039722511,-23.438932225],[152.039658075,-23.43917762],[152.039506287,-23.439293114],[152.03963268,-23.439561045],[152.03963268,-23.439754289],[152.039812343,-23.440100035],[152.039812343,-23.440279698],[152.039722511,-23.44044578],[152.03963268,-23.441896665],[152.039363185,-23.442511905],[152.039453017,-23.442705149],[152.039453017,-23.443167887],[152.03963268,-23.443513633],[152.03963268,-23.443872959],[152.039453017,-23.444218704],[152.039453017,-23.444411948],[152.039363185,-23.44457803],[152.039363185,-23.444950937],[152.039273353,-23.44511702],[152.03909369,-23.447262928],[152.039578762,-23.447425883],[152.039772006,-23.447425883],[152.040107232,-23.447580151],[152.040441163,-23.448095041],[152.040404602,-23.448722298],[152.040646221,-23.448927624],[152.040710658,-23.449173019],[152.040646221,-23.449328583],[152.0402615,-23.449428933],[152.040351332,-23.44980184],[152.040063232,-23.450295913],[152.040171669,-23.450520492],[152.040171669,-23.450803567],[152.040286895,-23.450903918],[152.040441163,-23.451239144],[152.040441163,-23.451957796],[152.040286895,-23.452293023],[152.040171669,-23.452393373],[152.040171669,-23.452676449],[152.039955444,-23.453037339],[152.040081837,-23.453305269],[152.040081837,-23.453844258],[152.039453017,-23.455447645],[152.039453017,-23.455820552],[152.03938858,-23.455976116],[152.039219436,-23.456040552],[152.039119085,-23.45624561],[152.038980453,-23.456303034],[152.039003859,-23.456718867],[152.038939422,-23.456874431],[152.038694027,-23.457028699],[152.038498887,-23.457033278],[152.038669928,-23.457102293],[152.038824196,-23.45743752],[152.038824196,-23.457630763],[152.039003859,-23.45806634],[152.039003859,-23.458695161],[152.038759759,-23.459299882],[152.038554701,-23.459400233],[152.038554701,-23.45978672],[152.038644533,-23.459952802],[152.038644533,-23.460851118],[152.03846487,-23.461196863],[152.038375038,-23.461929096],[152.038195375,-23.462274842],[152.038195375,-23.462468085],[152.037925881,-23.462993494],[152.037925881,-23.463163109],[152.038041107,-23.463210837],[152.038105544,-23.463366401],[152.038105544,-23.463635895],[152.037970796,-23.463820583],[152.03790636,-23.464105869],[152.037746217,-23.464170305],[152.037681781,-23.464420279],[152.037578684,-23.464462983],[152.037656386,-23.464624042],[152.037591949,-23.465004184],[152.037351578,-23.465068621],[152.037260498,-23.465164595],[152.03729706,-23.465342694],[152.037232623,-23.465498258],[152.037072481,-23.465572297],[152.037027565,-23.466600336],[152.036963129,-23.466755899],[152.036758071,-23.466946081],[152.036693634,-23.467294888],[152.036344827,-23.467449156],[152.036154645,-23.467654214],[152.035795319,-23.467833877],[152.035483721,-23.467898314],[152.035435993,-23.46801354],[152.035280429,-23.468077977],[152.034382114,-23.468077977],[152.034226551,-23.46801354],[152.034036368,-23.467808482],[152.033687561,-23.467654214],[152.03349539,-23.467444355],[152.033148572,-23.46738472],[152.032942598,-23.467141536],[152.032699415,-23.467025394],[152.032634978,-23.466820336],[152.032495652,-23.466820336],[152.032250257,-23.466666067],[152.032017972,-23.466269532],[152.031890931,-23.46621691],[152.031826494,-23.465966936],[152.031666352,-23.465902499],[152.031595125,-23.465704232],[152.031351942,-23.465498258],[152.031197674,-23.464965994],[152.031058347,-23.465023705],[152.030856227,-23.464977193],[152.030699021,-23.465023705],[152.030273963,-23.464869437],[152.030068637,-23.464537986],[152.029890538,-23.464574547],[152.029724455,-23.464484716],[152.029569651,-23.464484716],[152.029571548,-23.464624042],[152.029327449,-23.465183847],[152.029171885,-23.465248284],[152.028577036,-23.465197003],[152.028673233,-23.465477441],[152.028608797,-23.465677921],[152.028481756,-23.465730543],[152.028384218,-23.465902499],[152.028228654,-23.465966936],[152.027805808,-23.46592202],[152.026971013,-23.465966936],[152.026815449,-23.465902499],[152.026751013,-23.465746936],[152.026751013,-23.465383031],[152.02627646,-23.465273679],[152.026218389,-23.465152087],[152.026096797,-23.465094016],[152.025987445,-23.464848621],[152.026051881,-23.46455831],[152.026232525,-23.464305053],[152.026027782,-23.464394884],[152.025825661,-23.464348373],[152.02552913,-23.464557839],[152.025618961,-23.464983368],[152.025509609,-23.465273679],[152.025264214,-23.465427947],[152.024973903,-23.46536351],[152.024909467,-23.465068621],[152.023332836,-23.465068621],[152.023177273,-23.465004184],[152.023112836,-23.46475421],[152.022968931,-23.46475421],[152.022904495,-23.465004184],[152.022748931,-23.465068621],[152.021486711,-23.465068621],[152.021422274,-23.465318595],[152.021266711,-23.465383031],[152.02063789,-23.465383031],[152.020482327,-23.465318595],[152.02041789,-23.465068621],[152.019959575,-23.465068621],[152.019895138,-23.465318595],[152.019739575,-23.465383031],[152.018257355,-23.465383031],[152.018101791,-23.465318595],[152.018037355,-23.465068621],[152.017848534,-23.465068621],[152.017784097,-23.465318595],[152.017628534,-23.465383031],[152.016366314,-23.465383031],[152.016301877,-23.465588089],[152.016146314,-23.465652526],[152.015782409,-23.465652526],[152.015717972,-23.465902499],[152.015562409,-23.465966936],[152.015182266,-23.465966936],[152.015182266,-23.41928322],[152.015566988,-23.419128952]],[[152.020965566,-23.4299281],[152.020851525,-23.429983044],[152.020761693,-23.430094763],[152.020826856,-23.430188558],[152.020965566,-23.4299281]],[[152.032379587,-23.462367388],[152.032365483,-23.462274842],[152.032098501,-23.461998681],[152.031866831,-23.462014349],[152.031574879,-23.461901033],[152.031417674,-23.461969433],[152.031223694,-23.461926293],[152.030743937,-23.46210418],[152.030552169,-23.462100617],[152.030936756,-23.462492295],[152.030992615,-23.462357437],[152.031148179,-23.462293001],[152.031327842,-23.462248085],[152.031687168,-23.462293001],[152.032136326,-23.462248085],[152.032379587,-23.462367388]],[[152.027935217,-23.406624524],[152.027914244,-23.406633211],[152.02789687,-23.406642369],[152.027935217,-23.406624524]],[[152.028162766,-23.406471393],[152.028183739,-23.406462706],[152.028201112,-23.406453548],[152.028162766,-23.406471393]],[[152.027676399,-23.422963185],[152.027694244,-23.422955793],[152.027702931,-23.42292124],[152.027685086,-23.422928632],[152.027676399,-23.422963185]],[[152.027766231,-23.422783521],[152.027914244,-23.422722213],[152.028143402,-23.422742714],[152.028233233,-23.422506636],[152.028233233,-23.422030317],[152.028143402,-23.421864234],[152.027685086,-23.422299811],[152.027766231,-23.422783521]],[[152.01937567,-23.44279498],[152.01937567,-23.443064475],[152.019311233,-23.443220039],[152.019184192,-23.443272661],[152.019071177,-23.443508294],[152.019290417,-23.443383464],[152.019535812,-23.443447901],[152.019645165,-23.44396279],[152.019555333,-23.444573007],[152.019715475,-23.444660626],[152.019779912,-23.44481619],[152.01969008,-23.445310263],[152.019600249,-23.445476346],[152.019645165,-23.445875564],[152.019728631,-23.446084775],[152.019908294,-23.446264438],[152.020434128,-23.446502173],[152.020481856,-23.446617399],[152.020703622,-23.446681836],[152.020768059,-23.446927231],[152.020678227,-23.447173096],[152.020793454,-23.447220825],[152.02085789,-23.447376388],[152.02085789,-23.447645883],[152.020793454,-23.447801447],[152.020498564,-23.447865883],[152.020588396,-23.448095041],[152.020510694,-23.448345931],[152.020613791,-23.448388635],[152.020768059,-23.448723861],[152.020768059,-23.449173019],[152.020703622,-23.449328583],[152.020378749,-23.449504873],[152.020408733,-23.449680673],[152.020613791,-23.449870855],[152.020711328,-23.450132643],[152.020862469,-23.450221559],[152.021042132,-23.450165745],[152.021332443,-23.450364928],[152.021486711,-23.450700155],[152.021448585,-23.451147101],[152.021864196,-23.451288639],[152.021919631,-23.451173412],[152.022092568,-23.451108976],[152.022034858,-23.450879818],[152.022099294,-23.450724255],[152.02235827,-23.450659818],[152.022398985,-23.450598732],[152.022304352,-23.45041708],[152.022054378,-23.450361645],[152.021945026,-23.45011625],[152.021855195,-23.449532345],[152.021919631,-23.449376782],[152.022252646,-23.449170808],[152.022368789,-23.448927624],[152.022484015,-23.448879895],[152.022528931,-23.448338224],[152.022405998,-23.448033732],[152.022278957,-23.44798111],[152.022214521,-23.447811966],[152.022099294,-23.447711615],[152.022034858,-23.447556052],[152.022071419,-23.447377952],[152.022009463,-23.447352289],[152.021855195,-23.446972147],[152.021945026,-23.446644156],[152.021855195,-23.446478073],[152.021855195,-23.44628483],[152.021675532,-23.445669589],[152.021675532,-23.44511702],[152.0215857,-23.444950937],[152.0215857,-23.444308536],[152.021406037,-23.443872959],[152.021406037,-23.443500052],[152.021226374,-23.443154307],[152.021136542,-23.442691568],[152.020867048,-23.44216616],[152.020867048,-23.441972916],[152.020777216,-23.441806834],[152.020777216,-23.441164432],[152.020687385,-23.44099835],[152.020687385,-23.440535612],[152.020597553,-23.440369529],[152.020597553,-23.439996623],[152.02041789,-23.439381382],[152.02041789,-23.438738981],[152.020328059,-23.438572899],[152.020328059,-23.436636942],[152.019943337,-23.436572505],[152.019763674,-23.436482674],[152.019699238,-23.436277616],[152.019330754,-23.436219905],[152.019330754,-23.438123741],[152.019240923,-23.438289824],[152.019285838,-23.438797477],[152.019183212,-23.439071551],[152.019401065,-23.439135987],[152.019510417,-23.439336467],[152.019415784,-23.439662469],[152.019510417,-23.43983054],[152.019510417,-23.440010203],[152.019445981,-23.440165767],[152.019294193,-23.440281261],[152.01937567,-23.440459361],[152.019293545,-23.440908518],[152.019330754,-23.441088181],[152.019266318,-23.441243745],[152.019049446,-23.441386198],[152.01906126,-23.441518735],[152.019136339,-23.442381436],[152.01937567,-23.44279498]]]}},{"type":"Feature","properties":{"class":"Reef"},"geometry":{"type":"Polygon","coordinates":[[[152.021176879,-23.466865251],[152.020796737,-23.466800815],[152.0207323,-23.466550841],[152.020482327,-23.466486404],[152.02041789,-23.466330841],[152.02041789,-23.466061346],[152.020482327,-23.465905783],[152.02063789,-23.465841346],[152.021266711,-23.465841346],[152.021422274,-23.465905783],[152.021486711,-23.466110841],[152.021646853,-23.466175277],[152.02171129,-23.466330841],[152.021646853,-23.46653132],[152.021176879,-23.466865251]]]}},{"type":"Feature","properties":{"class":"Reef"},"geometry":{"type":"Polygon","coordinates":[[[151.929614452,-23.463749826],[151.929973778,-23.463929489],[151.930243273,-23.464198984],[151.930359416,-23.464442167],[151.930602599,-23.464648141],[151.930667036,-23.464803705],[151.930667036,-23.4650732],[151.930602599,-23.465228763],[151.930253792,-23.465383031],[151.93006361,-23.465588089],[151.929908046,-23.465652526],[151.92954872,-23.465652526],[151.92893348,-23.4652932],[151.928674505,-23.465228763],[151.928610068,-23.4650732],[151.928610068,-23.464624042],[151.9286999,-23.464430798],[151.928494842,-23.464240616],[151.928430405,-23.464085053],[151.928430405,-23.463815558],[151.928494842,-23.463659995],[151.928650405,-23.463595558],[151.9289199,-23.463595558],[151.929144478,-23.463741204],[151.929458889,-23.46368539],[151.929614452,-23.463749826]]]}},{"type":"Feature","properties":{"class":"Reef"},"geometry":{"type":"Polygon","coordinates":[[[151.934889117,-23.430052484],[151.934978949,-23.430218567],[151.934978949,-23.430577893],[151.934914512,-23.430733456],[151.934579286,-23.430977556],[151.934244059,-23.430913119],[151.934154228,-23.430823288],[151.934089791,-23.430577893],[151.934269454,-23.430232147],[151.934333891,-23.42988334],[151.934669117,-23.429818903],[151.934824681,-23.42988334],[151.934889117,-23.430052484]]]}},{"type":"Feature","properties":{"class":"Reef"},"geometry":{"type":"Polygon","coordinates":[[[151.936463537,-23.428329893],[151.936616889,-23.42821375],[151.936669511,-23.428086709],[151.937453895,-23.427752778],[151.938006465,-23.427752778],[151.938172547,-23.427662947],[151.938814948,-23.427662947],[151.938981031,-23.427573115],[151.939533601,-23.427483284],[151.940148841,-23.427123958],[151.940521747,-23.427123958],[151.94068783,-23.427034126],[151.941675977,-23.427034126],[151.94183154,-23.427098563],[151.941985808,-23.427433789],[151.941978795,-23.427596521],[151.942214966,-23.427483284],[151.94248446,-23.427483284],[151.942640024,-23.42754772],[151.942794292,-23.427793115],[151.942729855,-23.428128342],[151.942328426,-23.428192778],[151.942190866,-23.428577499],[151.94183154,-23.428936826],[151.941496314,-23.429091094],[151.94130307,-23.429091094],[151.940867493,-23.429270757],[151.940404755,-23.429360588],[151.939955597,-23.429540251],[151.939699683,-23.429719914],[151.93833863,-23.430169072],[151.937453895,-23.43061823],[151.937094569,-23.43061823],[151.936669511,-23.430463962],[151.936616889,-23.430336921],[151.936310185,-23.430194467],[151.936245748,-23.429935491],[151.936130521,-23.429835141],[151.936066085,-23.429679577],[151.936066085,-23.429140588],[151.936220353,-23.42871553],[151.936463537,-23.428329893]]]}},{"type":"Feature","properties":{"class":"Reef"},"geometry":{"type":"Polygon","coordinates":[[[151.964199591,-23.426020584],[151.964469085,-23.426200247],[151.964533522,-23.426355811],[151.964533522,-23.426625305],[151.964289422,-23.426960532],[151.963864364,-23.4271148],[151.963235543,-23.4271148],[151.962990148,-23.426960532],[151.962889798,-23.426755474],[151.962606723,-23.426755474],[151.962451159,-23.426691037],[151.962386723,-23.426535474],[151.962451159,-23.426290079],[151.962540991,-23.426200247],[151.962799966,-23.426135811],[151.96305588,-23.425956148],[151.964044027,-23.425956148],[151.964199591,-23.426020584]]]}},{"type":"Feature","properties":{"class":"Reef"},"geometry":{"type":"Polygon","coordinates":[[[151.994700678,-23.47982967],[151.99479051,-23.479650007],[151.994995568,-23.479459825],[151.995149836,-23.479111018],[151.995303188,-23.478994875],[151.995534557,-23.478651341],[151.995688825,-23.478302534],[151.995842177,-23.478186391],[151.995958319,-23.477943208],[151.996291334,-23.477647402],[151.996407477,-23.477404219],[151.996922367,-23.477070287],[151.997167762,-23.477134724],[151.997232198,-23.477307661],[151.997385105,-23.47724995],[151.99751085,-23.477124205],[151.99751085,-23.476751298],[151.997575287,-23.476595735],[151.998539334,-23.476261804],[151.99889866,-23.476261804],[151.999862708,-23.476595735],[152.000016976,-23.477110624],[151.999747481,-23.477725864],[151.999747481,-23.478098771],[151.999503381,-23.478883155],[151.999260198,-23.479089129],[151.999144055,-23.479332313],[151.99881104,-23.479628119],[151.99848984,-23.480151316],[151.998335572,-23.480589954],[151.997771187,-23.481229294],[151.997771187,-23.481422538],[151.997616919,-23.481937427],[151.997347425,-23.482476416],[151.996988099,-23.482925574],[151.996832535,-23.482990011],[151.995305399,-23.482990011],[151.995149836,-23.482925574],[151.99479051,-23.482566248],[151.994456578,-23.481781864],[151.994456578,-23.480524222],[151.994700678,-23.47982967]]]}},{"type":"Feature","properties":{"class":"Reef"},"geometry":{"type":"Polygon","coordinates":[[[152.00422282,-23.475607588],[152.004466004,-23.475491445],[152.004582146,-23.475338093],[152.004917373,-23.475183825],[152.005290279,-23.475093994],[152.005905519,-23.474824499],[152.006278426,-23.474824499],[152.006444509,-23.474734668],[152.006893666,-23.474734668],[152.007239412,-23.474914331],[152.007588219,-23.474978767],[152.007832319,-23.475313994],[152.007832319,-23.475763151],[152.007767882,-23.475918715],[152.007508906,-23.475983151],[152.007408556,-23.476098378],[152.006985709,-23.476304352],[152.006779735,-23.476547536],[152.006652694,-23.476600158],[152.006510241,-23.476906862],[152.006240746,-23.477176356],[152.005276699,-23.47768995],[152.004634297,-23.47768995],[152.004468215,-23.477779782],[152.004132988,-23.477715345],[152.004068552,-23.47745637],[152.003863494,-23.477266188],[152.003799057,-23.477110624],[152.003799057,-23.476930961],[152.004068552,-23.476315721],[152.004068552,-23.475852983],[152.00422282,-23.475607588]]]}},{"type":"Feature","properties":{"class":"Reef"},"geometry":{"type":"Polygon","coordinates":[[[152.010780522,-23.474080452],[152.01098558,-23.473800438],[152.01098558,-23.473517363],[152.011050016,-23.4733618],[152.011678837,-23.472732979],[152.012063558,-23.472578711],[152.012063558,-23.472439385],[152.012217826,-23.47219399],[152.01237339,-23.472129553],[152.012822547,-23.472129553],[152.013181873,-23.472256594],[152.013720862,-23.472219385],[152.014056089,-23.472463484],[152.014120526,-23.472619048],[152.014056089,-23.472954274],[152.013851031,-23.473054625],[152.013606931,-23.473583095],[152.013312042,-23.47395294],[152.013067942,-23.47448141],[152.012195938,-23.474956879],[152.011836612,-23.475316205],[152.011630638,-23.47564922],[152.011025917,-23.47589332],[152.010600859,-23.475739052],[152.010241532,-23.475379726],[152.010177096,-23.475224162],[152.010177096,-23.474954668],[152.010331364,-23.474619441],[152.010536422,-23.474555005],[152.010600859,-23.474170283],[152.010780522,-23.474080452]]]}},{"type":"Feature","properties":{"class":"Reef"},"geometry":{"type":"Polygon","coordinates":[[[152.01925008,-23.466330841],[152.019314517,-23.466175277],[152.01947008,-23.466110841],[152.019739575,-23.466110841],[152.019895138,-23.466175277],[152.019959575,-23.466330841],[152.019959575,-23.466645251],[152.019895138,-23.466800815],[152.019739575,-23.466865251],[152.01947008,-23.466865251],[152.019314517,-23.466800815],[152.01925008,-23.466645251],[152.01925008,-23.466330841]]]}},{"type":"Feature","properties":{"class":"Reef"},"geometry":{"type":"Polygon","coordinates":[[[151.970689349,-23.429677366],[151.970920718,-23.429154169],[151.970985155,-23.428805362],[151.971100381,-23.428705011],[151.971280044,-23.428255853],[151.971280044,-23.427793115],[151.971605353,-23.427299042],[151.971549539,-23.427074463],[151.971973301,-23.426290079],[151.972369837,-23.425967962],[151.97251229,-23.42575109],[151.972755474,-23.425634947],[151.972871617,-23.425481595],[151.973384295,-23.425275621],[151.973769932,-23.424762943],[151.973939076,-23.424698506],[151.974039426,-23.42458328],[151.974354817,-23.424518843],[151.974334316,-23.424379517],[151.974488584,-23.424134122],[151.974644148,-23.424069686],[151.975183137,-23.424069686],[151.9753387,-23.424134122],[151.975403137,-23.424379517],[151.975248869,-23.424624912],[151.975093305,-23.424689349],[151.974626774,-23.424689349],[151.974799711,-23.424762943],[151.974857135,-23.424901576],[151.975272968,-23.424878169],[151.975428532,-23.424942606],[151.975672631,-23.425457496],[151.975672631,-23.425637159],[151.9755828,-23.425803241],[151.9755828,-23.426535474],[151.975428532,-23.426960532],[151.975223474,-23.427240545],[151.975223474,-23.427433789],[151.975069206,-23.427858847],[151.974736191,-23.428154653],[151.974530217,-23.428577499],[151.97441499,-23.42867785],[151.97441499,-23.429140588],[151.974325158,-23.429306671],[151.974325158,-23.429499914],[151.974081059,-23.429924972],[151.973876001,-23.430115154],[151.973631901,-23.431002951],[151.973337012,-23.431193133],[151.973092912,-23.431721603],[151.972849729,-23.431837746],[151.972733586,-23.431991098],[151.972039033,-23.432325029],[151.971500044,-23.432325029],[151.971064467,-23.432145366],[151.970781392,-23.432145366],[151.970446165,-23.431991098],[151.970202066,-23.431566039],[151.970202066,-23.430577893],[151.970446165,-23.42988334],[151.970689349,-23.429677366]]]}},{"type":"Feature","properties":{"class":"Reef"},"geometry":{"type":"Polygon","coordinates":[[[151.968459353,-23.427204631],[151.968110546,-23.427140195],[151.967866446,-23.426804968],[151.967866446,-23.426176148],[151.967930883,-23.426020584],[151.968086446,-23.425956148],[151.968445772,-23.425956148],[151.968780999,-23.426110416],[151.968823703,-23.426213513],[151.968984761,-23.426135811],[151.969344087,-23.426135811],[151.969499651,-23.426200247],[151.969779664,-23.426495137],[151.97003864,-23.426559573],[151.970103077,-23.426715137],[151.970103077,-23.4268948],[151.969858977,-23.427499521],[151.969653919,-23.427599872],[151.969589482,-23.427858847],[151.969254256,-23.428013115],[151.968984761,-23.428013115],[151.968739366,-23.427858847],[151.96867493,-23.427523621],[151.968752632,-23.427362562],[151.968459353,-23.427204631]]]}},{"type":"Feature","properties":{"class":"Reef"},"geometry":{"type":"Polygon","coordinates":[[[151.943987497,-23.427278226],[151.944281091,-23.427303621],[151.944526486,-23.427457889],[151.944590923,-23.427703284],[151.944436654,-23.42803851],[151.944281091,-23.428102947],[151.943742102,-23.428102947],[151.943227212,-23.427769016],[151.943162776,-23.427523621],[151.943406875,-23.427188394],[151.94365227,-23.427123958],[151.943987497,-23.427278226]]]}},{"type":"Feature","properties":{"class":"Reef"},"geometry":{"type":"Polygon","coordinates":[[[151.945139069,-23.426998212],[151.945203506,-23.426829068],[151.945359069,-23.426764631],[151.945718395,-23.426764631],[151.945974309,-23.426944295],[151.946181134,-23.426944295],[151.946371316,-23.426739236],[151.946526879,-23.4266748],[151.946899786,-23.4266748],[151.947089968,-23.42637991],[151.947245531,-23.426315474],[151.947528607,-23.426315474],[151.947784521,-23.426135811],[151.948143847,-23.426135811],[151.94829941,-23.426200247],[151.948568905,-23.426469742],[151.948633341,-23.426691508],[151.949018062,-23.4269189],[151.949082499,-23.427074463],[151.949082499,-23.427433789],[151.948838399,-23.427858847],[151.948503173,-23.428102947],[151.9471557,-23.428102947],[151.947000136,-23.42803851],[151.946767851,-23.427731806],[151.946630291,-23.427653789],[151.946550508,-23.427653789],[151.946412948,-23.427948679],[151.946257385,-23.428013115],[151.945089575,-23.428013115],[151.944754348,-23.427769016],[151.944689912,-23.427433789],[151.944754348,-23.427278226],[151.945061052,-23.427135772],[151.945139069,-23.426998212]]]}},{"type":"Feature","properties":{"class":"Reef"},"geometry":{"type":"Polygon","coordinates":[[[152.017222081,-23.413597522],[152.017248392,-23.413534002],[152.017671238,-23.413328028],[152.017787381,-23.413174676],[152.018139981,-23.413020408],[152.017992439,-23.412701418],[152.017992439,-23.412521755],[152.018146707,-23.41227636],[152.018405683,-23.412211924],[152.018931091,-23.411942429],[152.019200586,-23.411942429],[152.019715475,-23.412186529],[152.019869743,-23.412521755],[152.019869743,-23.412881082],[152.019805307,-23.413036645],[152.019715475,-23.413126477],[152.0194565,-23.413190913],[152.019202797,-23.413422282],[152.019095277,-23.41364465],[152.019151091,-23.413869228],[152.019086655,-23.414024792],[152.018637497,-23.414473949],[152.018481933,-23.414538386],[152.018032776,-23.414538386],[152.017866693,-23.414448554],[152.017583618,-23.414448554],[152.016978897,-23.414204455],[152.016914461,-23.413869228],[152.016978897,-23.413713665],[152.017222081,-23.413597522]]]}},{"type":"Feature","properties":{"class":"Reef"},"geometry":{"type":"Polygon","coordinates":[[[152.0218298,-23.412905181],[152.022009463,-23.412635687],[152.022165026,-23.41257125],[152.022344689,-23.41257125],[152.022679916,-23.412725518],[152.022834184,-23.413060745],[152.022735665,-23.413530874],[152.022907778,-23.413264507],[152.023202668,-23.413074325],[152.023202668,-23.412881082],[152.023446767,-23.412456023],[152.023602331,-23.412391587],[152.02378043,-23.412428149],[152.023961657,-23.412301755],[152.024320983,-23.412211924],[152.024656209,-23.412456023],[152.024720646,-23.412714999],[152.024900309,-23.412970913],[152.024900309,-23.413330239],[152.024746041,-23.413665466],[152.024397234,-23.413819734],[152.024296883,-23.41393496],[152.023871825,-23.414089228],[152.022793847,-23.414089228],[152.022614184,-23.41396661],[152.022254858,-23.41417906],[152.021715868,-23.41417906],[152.021470473,-23.414024792],[152.021406037,-23.413689565],[152.0218298,-23.412905181]]]}},{"type":"Feature","properties":{"class":"Reef"},"geometry":{"type":"Polygon","coordinates":[[[152.02977989,-23.466486404],[152.029715453,-23.466281346],[152.02944138,-23.466281346],[152.029285816,-23.46621691],[152.02922138,-23.465971515],[152.029285816,-23.465815951],[152.02944138,-23.465751515],[152.029980369,-23.465661683],[152.030135933,-23.46572612],[152.030200369,-23.465881683],[152.030200369,-23.466330841],[152.030135933,-23.466486404],[152.029980369,-23.466550841],[152.02977989,-23.466486404]]]}},{"type":"Feature","properties":{"class":"Reef"},"geometry":{"type":"Polygon","coordinates":[[[152.041568636,-23.458385329],[152.041835919,-23.458243792],[152.041952062,-23.45809044],[152.042287288,-23.458026003],[152.042442852,-23.45809044],[152.04289201,-23.458629429],[152.042956446,-23.458874824],[152.042866615,-23.459040907],[152.042866615,-23.459503645],[152.042712347,-23.459838871],[152.042532684,-23.460018534],[152.04237712,-23.460082971],[152.042041893,-23.460018534],[152.041682567,-23.45974904],[152.041566425,-23.459505856],[152.04123341,-23.459210051],[152.041168973,-23.459054487],[152.041168973,-23.458784993],[152.041413073,-23.458449766],[152.041568636,-23.458385329]]]}},{"type":"Feature","properties":{"class":"Reef"},"geometry":{"type":"Polygon","coordinates":[[[152.041746088,-23.437762203],[152.041927962,-23.437634246],[152.042197457,-23.437634246],[152.042442852,-23.437788514],[152.042686952,-23.438303404],[152.042686952,-23.438842393],[152.042532684,-23.43917762],[152.042263189,-23.439536946],[152.041927962,-23.439691214],[152.041749863,-23.439654652],[152.0417242,-23.439716609],[152.041478805,-23.439781045],[152.041323241,-23.439716609],[152.041079142,-23.439381382],[152.041079142,-23.439201719],[152.041168973,-23.439035637],[152.041168973,-23.438303404],[152.041413073,-23.437968178],[152.041634839,-23.437903741],[152.041746088,-23.437762203]]]}},{"type":"Feature","properties":{"class":"Reef"},"geometry":{"type":"Polygon","coordinates":[[[152.041977457,-23.437405089],[152.042041893,-23.437159694],[152.042197457,-23.437095257],[152.042442852,-23.437159694],[152.042507288,-23.437315257],[152.042442852,-23.437560652],[152.042287288,-23.437625089],[152.042041893,-23.437560652],[152.041977457,-23.437405089]]]}},{"type":"Feature","properties":{"class":"Reef"},"geometry":{"type":"Polygon","coordinates":[[[152.043341167,-23.435722389],[152.043405604,-23.435877953],[152.043341167,-23.436213179],[152.043005941,-23.436457279],[152.042670714,-23.436392842],[152.042606278,-23.436133867],[152.042426615,-23.435877953],[152.042491051,-23.435632558],[152.042826278,-23.435568121],[152.043341167,-23.435722389]]]}}]}